messageId,content,conversationId,timestamp,isRead,isSent
6a05f806dac4e11f211ba11b,nJePbOLqoMq77CNtHKaHd81D4oLJWBc/cts8nhjduqxd7N2vJxapspfKsPpZvk7LeYdcBnoE1ujg,69e2e5bd6bef73a051b5ed44,2026-05-14T16:27:50.945Z,False,False
6a05f5ed8be8166c3ca2f2da,,69e2e5bd6bef73a051b5ed44,2026-05-14T16:18:53.003Z,False,False
6a058b74dac4e11f210330fa,LZD9/791v9ODocW6s7Cf/LXG0n0xMApxxtGppAHoLNhQZycCMcgD4yW86uuLQ/k=,69e2e5bd6bef73a051b5ed44,2026-05-14T08:44:36.39Z,False,False
6a053f1adac4e11f21f3591a,TltaDXR1EDyQD+BmyLYJxfP5fy8Izd/NUzhoJbRbOTWF4TLH9T2a/6GzftsKpXd4tv1q2KSi4E3eTbA=,69e2e5bd6bef73a051b5ed44,2026-05-14T03:18:50.879Z,False,False
6a03611b739b078a31a84d70,0GXEpyCC3WM9TttPlnxrXWOMJvBIcbY0o/x8zC77xAAEkw==,69e2e5bd6bef73a051b5ed44,2026-05-12T17:19:23.422Z,False,False
6a036102739b078a31a846d4,wV7JiCapFMixBANEvegSVc/OTvPpePQGEz8+JI6TZ9dj8agcnUeuLIb0o52fhCiuzCamwgtp,69e2e5bd6bef73a051b5ed44,2026-05-12T17:18:58.622Z,False,False
6a0360d4739b078a31a83bb4,sYUUmeuyht/e/olj4XV4GLXqv9pULbJ2Ooyl+aYw,69e2e5bd6bef73a051b5ed44,2026-05-12T17:18:12.92Z,False,False
6a03401e739b078a31a019ba,8/It9OL50kzY9uDspoND6imtmYQX3uipxeiZdU+M1EUkHl6pIQ0Lcj9Sc8N2QXQC2JPWvmrOIeT0zvSGxSVrlnI0k4hE5R/mI21pvVEN55CPubS9ec/9pCJkYXJ8Cog=,69e2e5bd6bef73a051b5ed44,2026-05-12T14:58:38.424Z,False,False
6a02e115739b078a318cc9ee,9PStU+08CwXtWWAAESUZpRdgWjWwoiij9qWCKd1rjKQ4gg2D+7XzePRDIg==,69e2e5bd6bef73a051b5ed44,2026-05-12T08:13:09.929Z,False,False
6a02bbb7739b078a3184b4a6,D2ZQjKp9k+wEgbnsRnTx4yzsXnhe/dEqOdGz6OmszxPi2W94zVXeGGdu4bk8NYvfTqNzErqdf0GmI20=,69e2e5bd6bef73a051b5ed44,2026-05-12T05:33:43.666Z,False,False
6a0220da739b078a31740429,ZDIFu4LlltoIOwormDe6YJQUR4ZAlTHYGOfKe6+w43VDZTrY5bqSJAw/VNRnhSQ3lSVQwQ==,69e2e5bd6bef73a051b5ed44,2026-05-11T18:32:58.391Z,False,False
6a01ff11739b078a3155121b,qNT2ceOllznfb6QBo5EORs7/kpN+1N2Yvb7lb/mVh2vIRyPXQxilfMCvbj54Pimmc2yhtYSSWXUSJl5r+6RBymK8P5e5TYzdWd+rKgc/pR0FTHL+vRKlXvKHTIto,69e2e5bd6bef73a051b5ed44,2026-05-11T16:08:49.861Z,False,False
6a01fe98739b078a3154f45c,hGNX3+19qL4bOZzIKEv+qD7O97iPvXLTqKPV3JOvJ80e403TrNGgEg+6VrzwKewl2fUeSQDFk8RgvwYQ7QzaZAwIJ1zspro6ho5dlHCMWQOQdQhysLcXTo5UOkRjJRdcr/l6P3Tqf2FTWgv9kx/9WLp3GJMDqXgpnnK4nYB5xahGNu3mngTqphP/NKEu1bSelSAgEjUqCc0+NEUX/1Aq1g==,69e2e5bd6bef73a051b5ed44,2026-05-11T16:06:48.525Z,False,False
6a01ce05739b078a314a27ec,DpL8fZ27cZ/ZQfSgoht/GFGIfnSE2szDaMEf7+Srcg+j9I/mD/89FmOQjoNtHWQ=,69e2e5bd6bef73a051b5ed44,2026-05-11T12:39:33.726Z,False,False
6a00da02fb8081d77d4eaa2d,,69e2e5bd6bef73a051b5ed44,2026-05-10T19:18:26.18Z,False,False
69fff681739b078a31f761a3,,69e2e5bd6bef73a051b5ed44,2026-05-10T03:07:45.588Z,False,False
69ff847a739b078a31ee8848,K6DRRPj75AY8b7Pm06jgYvxb1nn9B38sWpMPOiUURH07HiVEadLGSkXdp6ljocy7qJnL4U/zRPjafOthAQspgSrF2UL//Zetf7MZ46OYVAULRc96Kw==,69ff83affb8081d77d487f1b,2026-05-09T19:01:14.591Z,False,False
69ff842e739b078a31ee7b73,uexVMUnPRvTutTWwQPIv+uOf1T1WkdN3NMbe4mQTihJFzHKd8qaNhaC9TBZ67MG/Qa0Jx4wkLA8=,69ff83affb8081d77d487f1b,2026-05-09T18:59:58.687Z,False,True
69ff842e739b078a31ee7b4c,ST9LuvDLqmIGAjKUJnLLgyun3uVESIaOXV/InFjGVAfLzl6hyMYQ7E8fU6Kburs3kcEBDfVor7g=,69ff83affb8081d77d487f1b,2026-05-09T18:59:58.189Z,False,True
69ff842b739b078a31ee7b0e,BKXhgQO+UsKt/XqVQiN/PwYMxII20mzFqaQCXHiwptaUepAAqer6iM9MESZiqDyBCN+P,69ff83affb8081d77d487f1b,2026-05-09T18:59:55.691Z,False,True
69ff842b739b078a31ee7afe,ez6HjVcFtPNtSRKj/jYQ9IRC/gB9ovy4rgFAlsCurdVy9UpIEeD9ZCjmKjUiLudDvMh/KE0eru0=,69ff83affb8081d77d487f1b,2026-05-09T18:59:55.189Z,False,True
69ff83b6739b078a31ee6843,DPvszbRbNcPDHbROobagVCrWDUEfYAZd9Q4O8TbAbbOEPMT7rzMfzLdPLbUJ4PVA,69ff83affb8081d77d487f1b,2026-05-09T18:57:58.425Z,False,False
69ff2eb7739b078a31c44d02,3cTBIsnZJRuuCI21+D+iWpWJZHb7T8JQEaRW2aBP0w==,69e2e5bd6bef73a051b5ed44,2026-05-09T12:55:19.86Z,False,False
69ff068561c380631681ac7c,,69e2e5bd6bef73a051b5ed44,2026-05-09T10:03:49.312Z,False,False
69fedb4161c380631680509a,,69e2e5bd6bef73a051b5ed44,2026-05-09T06:59:13.703Z,False,False
69feb349cf2d111a001d29aa,,69e2e5bd6bef73a051b5ed44,2026-05-09T04:08:41.272Z,False,False
69fe04cc39ce363be2553ee4,,69e2e5bd6bef73a051b5ed44,2026-05-08T15:44:12.817Z,False,False
69fe00418a474a905f2a6250,/PuamS1n3C74PFvlK9ipzaX6p45eDego0tbFJ5xmJQ==,69e2e5bd6bef73a051b5ed44,2026-05-08T15:24:49.988Z,False,False
69fdc82c19a130917400f7d8,xavU0DZLOdPHJNMElg5TOX2EOS/jR5R4qc9L0ye7I/hWJVdPNeBT3YISSPaY,69e2e5bd6bef73a051b5ed44,2026-05-08T11:25:32.748Z,False,False
69fdc82819a130917400f6cc,AKKLEjffS3jS093dZ0ppvjeLRvA9WLkrbklAieiSyg0cBRU=,69e2e5bd6bef73a051b5ed44,2026-05-08T11:25:28.192Z,False,False
69fdc79a8a474a905f28afab,,69e2e5bd6bef73a051b5ed44,2026-05-08T11:23:06.826Z,False,False
69fdc5c2d3866f9be4131dfa,,69e2e5bd6bef73a051b5ed44,2026-05-08T11:15:14.083Z,False,False
69f94b01df1062622481035d,,69e2e5bd6bef73a051b5ed44,2026-05-05T01:42:25.293Z,False,False
69f44f718ed5762909eca3b4,,69e2e5bd6bef73a051b5ed44,2026-05-01T07:00:01.092Z,False,False
69f3858683bd384abcfa988a,jhN3HEyOkeeHNxEZros4g2D8SNGdasRqAu+gMSDGNLIAz1hirQOlmuA=,69e2e5bd6bef73a051b5ed44,2026-04-30T16:38:30.735Z,False,False
69f345fb7497a54bfc7980f5,,69e2e5bd6bef73a051b5ed44,2026-04-30T12:07:23.893Z,False,False
69f344187497a54bfc791ef3,,69e2e5bd6bef73a051b5ed44,2026-04-30T11:59:20.94Z,False,False
69f2349152ffd448db0427a0,Nnqoi4KvAtixHwuhPLZ8Cfzf1kSfkek9/MhnrJkOIgnPV47WefcUaA+UU5VmlgJSqyQvfv/XlE280YelxwFQ0IeKnKcGGw8JQDQj41r4wt+CFPf440ZUAcsQuDJG6lH+J0+2dYYJCxS4cSl5Qii/4csyG4eWrBrvll9mNhuO62xsUymMQSto7fQVUVSoRkUVH1oxA+PLIc0VR7jOScJ55U/vBIlAQ8AFfn7raz6raxVrEH0tdy5WcARxrrSrb8Fi95mfRnpmb13wPl0tHGRHtM3iBSQPE8CrIag+VMIlVgX2zEGlF0z8fx+f0FZ0CaKazfrZFLlw28A+,69e2e5bd6bef73a051b5ed44,2026-04-29T16:40:49.029Z,False,False
69f1be8e52ffd448db00eaa6,lISPAe0zOWtzo4JUbomVadNI8stvMlijSlZTuLxkeKSiwbzHEO+z6hU=,69e2e5bd6bef73a051b5ed44,2026-04-29T08:17:18.168Z,False,False
69f0e0e16892d9921d3a280d,QxjpJb4kegB7D8JlAgRzm28IIhAwGzA2ckD5GHB4CdS1v9y1Dmz1y4b+Y7jdt0aJG5Go+M6TmtQr//cTBk1/2hIUUU/EvytLs+ieV7NEzGQe,69e2e5bd6bef73a051b5ed44,2026-04-28T16:31:29.969Z,False,False
69f0ac106892d9921d382b42,,69e2e5bd6bef73a051b5ed44,2026-04-28T12:46:08.645Z,False,False
69efac936892d9921d321182,,69e2e5bd6bef73a051b5ed44,2026-04-27T18:36:03.862Z,False,False
69ef9e8152ffd448dbf5e853,,69e2e5bd6bef73a051b5ed44,2026-04-27T17:36:01.788Z,False,False
69ef8f9a6892d9921d1c7815,nfGgX2kbBOg1K/B96PGbwz6j70Amj1ePYv8YEIHoBig0VJXnoC42,69e2e5bd6bef73a051b5ed44,2026-04-27T16:32:26.282Z,False,False
69ef72ee52ffd448dbf49780,,69e2e5bd6bef73a051b5ed44,2026-04-27T14:30:06.872Z,False,False
69ef58306892d9921d1a789b,p0VALSO0Niqi/EPlP7y45p1qaIwG0XaDKfpz2reoy03mR5b3OvWXWUageNUzHQ==,69e2e5bd6bef73a051b5ed44,2026-04-27T12:36:00.897Z,False,False
69ef58276892d9921d1a7856,tj9rKdHKnpOWc8/0BFnvAIigVxg3mgfAt1afMLyBm9RoUlawS1Xp4drrWoEPuXrvwTg=,69e2e5bd6bef73a051b5ed44,2026-04-27T12:35:51.143Z,False,False
69ef1e3c8c1c13a9071c9de0,,69e2e5bd6bef73a051b5ed44,2026-04-27T08:28:44.935Z,False,False
69ee5f338c1c13a9070a342f,,69e2e5bd6bef73a051b5ed44,2026-04-26T18:53:39.861Z,False,False
69edb61d52ffd448dbea5f2e,x0fP95fg5Wk5ZUGISguU6tBgdfN/0IhMIwcf60ojHmamExeLLoircfP5rzn0dyIvbrb5P9EEmNF5VaIc5j597Q/v6Ffx,69e2e5bd6bef73a051b5ed44,2026-04-26T06:52:13.864Z,False,False
69edb5b052ffd448dbea5bcd,/mc7EaiWf/on360vM201dotsgV8ZR8pQPZNrQfmn2xVn59yBGe3ktcs2MEbGFf78dxn4HtOnTyLiEhgv8p2ImbDbQ/4lPoOMwg==,69e2e5bd6bef73a051b5ed44,2026-04-26T06:50:24.477Z,False,False
69edb58c52ffd448dbea5ab7,QSATsQT9+YMw3USCyqAYv06gblVLw2n83xy6TXR56cClHM8NvhfBEZWNOlxLgelqwATd2h44nHzZIALTdik1emaD0ZEpK/OvH77YMDVYjuQb7wu6fdsaHRWfhc0=,69e2e5bd6bef73a051b5ed44,2026-04-26T06:49:48.248Z,False,False
69ed84b152ffd448dbe90706,YLGa+wCJ2C5F/Lg2bgfh6qcgo9Zd3Fz867n92hY8mT8oLA2K6kuSpLI+broxqGeCc74kIZ4SeOheoi6Ybu8wKBbMDlPEljwmhi3/f6copuz2JtflHLafC4sicHDbS3QdjE5zxTKYEG6GQJcTV6sL/vt9evyHfOscDZYz19wrg9E+LFNh+NkToM/VbSUloQ7gC7Y=,69e2e5bd6bef73a051b5ed44,2026-04-26T03:21:21.297Z,False,False
69ed847c52ffd448dbe905f5,g/DdXlt59axkHz6pJhkSJjbrmVT4arg8wOJi07g7JI6glDmDob3k6BIFz1Gws/rNXZzlrjL7/HxYL3JpWOjyS0F//JpHNGsCVKvxSQmE/tZcV2cTfrruL3xFpTAauN9aZqVHBlQHQXNphjYN,69e2e5bd6bef73a051b5ed44,2026-04-26T03:20:28.491Z,False,False
69ecd0534e2f111b9d0b4755,x8bHSCTvXhHIn5y7v0gJd6pDb22Vs7x/CbEqkmabKpYRSfJMh5HVQS+mYKpNR/ofcEuXeIDe5QG5/QycAlBrQpgzXneBRjsGb4grJQ==,69e2e5bd6bef73a051b5ed44,2026-04-25T14:31:47.031Z,False,False
69ecce24d4538aa789cb9215,A7irrFkcDUpeUH4f+5PQVJE2b+W24fpNExdURaWeTwx3+4L0McqksAq55ivbYSi4OdpycsptAMOBVYmq0HpNDheANwybTopkMxGw+qFrPddY2eLZN4gFHqfk3mfNbqylOR04ImZ+hhqZBgl4L9jB3eQBBIt9mWPDEEsdqEDRw8n1L3UZhHpa0Yze+E6J9oFBoz/D0aOKhOWW0voPelbwrvuLNAKUozR7bXEDoY8APV4CXFOkUPvFos5jvNmoDgSI93fBsXY=,69e2e5bd6bef73a051b5ed44,2026-04-25T14:22:28.025Z,False,False
69ecc5c0d4538aa789b7b4f6,,69e2e5bd6bef73a051b5ed44,2026-04-25T13:46:40.091Z,False,False
69ec6f3e4e2f111b9dfa8f4e,BvCfacN5RLbQ/PN+m7sT7J34MYlqwIsHPN1puZuBh4Up,69e2e5bd6bef73a051b5ed44,2026-04-25T07:37:34.778Z,False,False
69ec4fdc4e2f111b9df46ea7,vII4PHIFygn7YoBrgOHAm3HrHrZLosvKiIOb+8ud23mdHJM4pfOtUw==,69e2e5bd6bef73a051b5ed44,2026-04-25T05:23:40.188Z,False,False
69ec4fc44e2f111b9df46aac,Syq0I61YB376hPLLYO/YcPeRQmtgN7TSW05GALpnMURenLNessavlCmAo7pE9dbvWQVFH40g9HDfdFZUBNXx+A3jgwT0rjIU7o0OSesV08Gkdug2bQ==,69e2e5bd6bef73a051b5ed44,2026-04-25T05:23:16.075Z,False,False
69ec430e4e2f111b9df22464,upoPZQsiQDP2LgMPq0bEQxve0PpMwd2Y9IAdup7hoWQkZ+0/tu6/NY4CIbZjKh071vKsUQjq73s/nn/417oMVtC0EtoGNSOv5srM+fc=,69e2e5bd6bef73a051b5ed44,2026-04-25T04:29:02.072Z,False,False
69ec42e44e2f111b9df21dc4,B3yvFYKGBHBidZ2HcSiGUHRNnmpyBN/npG4IXI+VAIezd0PYX2dv4hEY1E52gWAJiwGKD9OFjVvrKWBw3XPb0i/EGA4G8aGUrwzeLdEhLNqv6HNNH7EZzRqHE3HN3TGrgzxqyY4Mw9j+zxkp/MPVlsEIWqouLakCAw==,69e2e5bd6bef73a051b5ed44,2026-04-25T04:28:20.99Z,False,False
69ec36184e2f111b9df02c6b,juoioXd2ZU9V1PdNIJFL4X7hce5Pj0KsLGxRhHL41n4Kg66EH9x4cJDO0WpeqZ7F7/VoZi/2AFouSkuu2TqYWy4vsw==,69e2e5bd6bef73a051b5ed44,2026-04-25T03:33:44.995Z,False,False
69ec258a4e2f111b9dee04c3,VsEiBj4+RGViYjnuh4DCUxLPMibyaSW7zOeN3iVNOVs4y11OkvZZuap7wM34eXzw8nkJowed/SWOagIdFat9QH+KDqM8xO+BfaTMRw==,69e2e5bd6bef73a051b5ed44,2026-04-25T02:23:06.941Z,False,False
69eb85674e2f111b9dc9b7fe,,69e2e5bd6bef73a051b5ed44,2026-04-24T14:59:51.038Z,False,False
69eb80c6a9753cd4aaf4374c,,69e2e5bd6bef73a051b5ed44,2026-04-24T14:40:06.686Z,False,False
69eaf88cd4538aa789acac5a,x8QIc+J9UZiNM0m4l9hckXYDtt6gcRySI5Q1xkk7sg9tBUrbmdC5S3szOfDLSYcT28odk3iCmfRhR/Sh1pB+OQcYbRCTEOQTEpp3l1gciZT3Y/Wi73tNI3P4RnJTawPfQCmsg0eW51Ixdugjz+befES91qb2Nmw6814lncoVIVgngg==,69e2e5bd6bef73a051b5ed44,2026-04-24T04:58:52.063Z,False,False
69eae4634e2f111b9daddc09,HaWM739/SSN04xLCX3sQCE5aASVNmxogpQjEk0jfyMPt6v2gY08CfILmh8IgebWiGCkXsp8DQ8o4XtNaV70Ya2z6cOFqxlUgJzsOCTIxWQqyEtEQe20GjJtQ4a3cQOUSSoiUeve4B0K0DofMYR/TrA2QWJ4gFuYSIFip,69e2e5bd6bef73a051b5ed44,2026-04-24T03:32:51.491Z,False,False
69eae3cf4e2f111b9dadc832,ktjwNYGADhnDF8wKrhAKr/nr+B+aqH+VFNGhgFdh3bi5zqWPXWdsbq2B/01bpdL4yKEcbgToIwCa/TVrsbVzp1OFbL2BV/wEZYUg01oYjttGCT6BubRX4laqZngtQ4F77kYUoWlJTzg5QtvfgKgKevTZzw==,69e2e5bd6bef73a051b5ed44,2026-04-24T03:30:23.673Z,False,False
69eae3ae4e2f111b9dadc2d4,uQlx7E9bX5zyhY41UtPD43R07t7wDezwQYDRU7OYaFNqo1fRw50FG6DAYboUyTjmeAKScKmoodfZtAYlhqXz,69e2e5bd6bef73a051b5ed44,2026-04-24T03:29:50.007Z,False,False
69eadffed4538aa789ac1b70,hM5KtNaqt5GCfhlg6RM5sxSfl5bfiimRavAjauisNIbvj08I4hNKAKW8,69e2e5bd6bef73a051b5ed44,2026-04-24T03:14:06.382Z,False,False
69ea78704e2f111b9da6fb2c,JdnMCXHw/gDTotWDA2N611iDNYllJyq2RiqzDudn1qPfhq4Hfkifc54NJhBt,69e2e5bd6bef73a051b5ed44,2026-04-23T19:52:16.269Z,False,False
69ea2df94e2f111b9d9bb64e,0sLHIGoEqQx4Lkd7dFJE/jIRPVj8XZFPqBI0dKkzMt77clOigaSgbtC3BDCwctabQI4=,69e2e5bd6bef73a051b5ed44,2026-04-23T14:34:33.188Z,False,False
69ea2dc6d4538aa789a8f592,iTF3rSPjdwALwNaj7IGQrUVAS7PrzrDUhLnhCUC6OAzBfOJuA6E+0yII443HTpgw8fG5KPj1alTAPMStHUQUY0QN+0sjLwSDzK604uRMgb6l9D7B9Uzgve4ZNMGCztdJNRBskGIH0kbO4gJOyfVB6Yty+ZUuPrhWbrI=,69e2e5bd6bef73a051b5ed44,2026-04-23T14:33:42.679Z,False,False
69ea2c1da9753cd4aadbc97f,,69e2e5bd6bef73a051b5ed44,2026-04-23T14:26:37.747Z,False,False
69ea2bbe4e2f111b9d9b5d8e,AZ+wknNtiuNDzCEH7ZcdqgANBFzJ/kuwQz+qcqE0Ua4QSLmgbhzyyw==,69e2e5bd6bef73a051b5ed44,2026-04-23T14:25:02.929Z,False,False
69ea1da3d4538aa789a88a25,,69e2e5bd6bef73a051b5ed44,2026-04-23T13:24:51.371Z,False,False
69ea0492cb70bcf65cc6f280,/GVECIgNrfmldNnhpR0lkjobFWkBnhhJro3IQ7zKpMrSzkAAU2ABmpDa2yKo67Le3Jevtl2Xky8RcptNa4g4Rw==,69e2e5bd6bef73a051b5ed44,2026-04-23T11:37:54.128Z,False,False
69ea0484cb70bcf65cc6f220,UVqG/NBn4/8zMsSW/HmuFxlrMFL5ASY/K0v2yCAlyaqSHwvGBeQT,69e2e5bd6bef73a051b5ed44,2026-04-23T11:37:40.828Z,False,False
69ea047ecb70bcf65cc6f208,CMPc7kQbhFVF0mW487kK41f2u8axNGDmJy2tJadk,69e2e5bd6bef73a051b5ed44,2026-04-23T11:37:34.832Z,False,False
69e9fed8cb70bcf65cc6d324,jkHc6oCoWsr2+nzoZo373iAyjAyNMJxyRU+7DWDlzyahNM92qT0uVTTlWhi486FLyYuREbYH4RMtaPusAAgY4joh8O+DrQCOJSQ=,69e2e5bd6bef73a051b5ed44,2026-04-23T11:13:28.994Z,False,False
69e9fec2cb70bcf65cc6d29b,GYPdMx7tTgf230i+tGbRIBBbl+sOqAF3nqSU9M7yrBilj6U=,69e2e5bd6bef73a051b5ed44,2026-04-23T11:13:06.394Z,False,False
69e9febccb70bcf65cc6d27d,NyA1gU+rCDd+hDKvqZvMQusMYD5mjbVq9caefqPW,69e2e5bd6bef73a051b5ed44,2026-04-23T11:13:00.906Z,False,False
69e9febbcb70bcf65cc6d271,0p0VD0SShvJ4+Qyoeqee/Bs3ieB6NAslplvNkmE2Lywk5GnISV+lZQPfFA==,69e2e5bd6bef73a051b5ed44,2026-04-23T11:12:59.076Z,False,False
69e9feb7cb70bcf65cc6d25f,6Mu9z8pnitTZ65eYbHDMBaNAtBJd/72Z119kSmsTqod4rfg=,69e2e5bd6bef73a051b5ed44,2026-04-23T11:12:55.64Z,False,False
69e9fe7cd47cf980f80b9dd8,g3hoWcVJOy2GZOi+dRYDfmu1zNQiBkSVu8dAvuNqF5PgcirAHG6yExGq08qqlIKGnNXzohdU,69e2e5bd6bef73a051b5ed44,2026-04-23T11:11:56.382Z,False,False
69e9fe77cb70bcf65cc6d0de,a44tW/yD+yE+Rr9fpLXvVWNEp6Zbuwjim+ez8mE21vf8sKMRdeOMnrd5,69e2e5bd6bef73a051b5ed44,2026-04-23T11:11:51.765Z,False,False
69e9fe72cb70bcf65cc6d0b8,AXihP4gSlKyZ8L4ECP8fbV2uUls4Yv1cl7NxEFk/UbU=,69e2e5bd6bef73a051b5ed44,2026-04-23T11:11:46.058Z,False,False
69e9fe70cb70bcf65cc6d0ae,px1pRco8d9Vl9Mg610+JHZqZ2opKaNPv/d+I6BRBGH81tbVF82KvW6hBWXnjA93iQ9WZrnvmM9TR/gQb3w1SrXtus0AkGp/3K7b62w7vjx0=,69e2e5bd6bef73a051b5ed44,2026-04-23T11:11:44.62Z,False,False
69e9fe67cb70bcf65cc6d089,AUXddmv/XCJySFO2d3xZlbWTHb1wASkTASJ/u4w0S6PmJM3ZXQcdOr/SxFDs,69e2e5bd6bef73a051b5ed44,2026-04-23T11:11:35.409Z,False,False
69e9fe63cb70bcf65cc6d073,74Lt7c7jIxtY4YNqvun/+o/Q1ELb7GqVJy1j0XYWaJb/yTSOIPk=,69e2e5bd6bef73a051b5ed44,2026-04-23T11:11:31.461Z,False,False
69e9fe61cb70bcf65cc6d06b,eZt6VV0tprP3Z45JLfmYLxgdUzVEtDDsiNLr9ZLXAZDKReqw5xCGksNIdPGsnZK53mbvJhYtl9UKiEuUGyA6GsInlHtQWhS3MQc=,69e2e5bd6bef73a051b5ed44,2026-04-23T11:11:29.304Z,False,False
69e9fe58d47cf980f80b9d1b,3KkKcUtQB0AM6vX9f03bu/FbYmg0R5/v+F2PJhvrbYd8jA3FHT2B,69e2e5bd6bef73a051b5ed44,2026-04-23T11:11:20.222Z,False,False
69e9fe55d47cf980f80b9d08,Sy6BKXMBtpcV+LrVOdwcKlYY5Rlb584suh0ZgU+68ck=,69e2e5bd6bef73a051b5ed44,2026-04-23T11:11:17.243Z,False,False
69e9fe50cb70bcf65cc6d00b,JRPzP3YXrZ1wcu/lOHn0+xYCbwXF8EsTbo7xzGR8VKvlDCcjBgXBt1yJgsZBTGWO,69e2e5bd6bef73a051b5ed44,2026-04-23T11:11:12.924Z,False,False
69e9fe48cb70bcf65cc6cfd8,rDvxhLV9Ng/WLj6D2uFq1vVMiAGrVQikbExXQ4DxCgNp6mKYYbEUV1F/LAxfSQ==,69e2e5bd6bef73a051b5ed44,2026-04-23T11:11:04.575Z,False,False
69e9fe1fd47cf980f80b9c32,K/uU3eG0Kng9f6lyZEHhwfogmVDSKvYVXDoKwpgzQvd2GFKUV3LW1Wa69chfqPz/MzbGUvLR,69e2e5bd6bef73a051b5ed44,2026-04-23T11:10:23.193Z,False,False
69e9fddccb70bcf65cc6cd7e,TjiHDrp8cHsVQZvHMsODKRn37DflkjgdxOILeInV2wGsVi56FOEuXGta/eAjGmBxXYHCrb/R,69e2e5bd6bef73a051b5ed44,2026-04-23T11:09:16.444Z,False,False
69e9fdd6cb70bcf65cc6cd71,SGy7XZLKBImUcIwJU4nhiB0sNvzhyry/yGAT/o/c7VerwhZVPggqzb5cSEJs9nmSYdjVV5fOiewBDCAx4sWqvl3hm+27v3Z/zrs4GWKpmfhYq0AdO6+a+IwhlUKpk8UmBd82ewYzfNDKOoPcSAwARFN7gwpsp0Ln56xK3bgbfJQFluScMA==,69e2e5bd6bef73a051b5ed44,2026-04-23T11:09:10.887Z,False,False
69e9fdb7cb70bcf65cc6ccd0,QLlrQUUmaj598isHIElPDMxp0GaKSxcRZ6ewft+89XzaT/YQgwvgVq/0BQfWRaEs5nR7elT6VvkuGuBe6uNX4MkkBEh3M4Fiq0s=,69e2e5bd6bef73a051b5ed44,2026-04-23T11:08:39.382Z,False,False
69e9fda8cb70bcf65cc6cc91,W7P+HrmpE0ED/2rIWyYHytF4nuEL4fwLpNyUdnVIdE/BntI=,69e2e5bd6bef73a051b5ed44,2026-04-23T11:08:24.938Z,False,False
69e9fda6cb70bcf65cc6cc85,Fywsyo7oq5huUs8dW1MQ8YtwLzvi5/XPlEbYowaHjvExQ6423SaqPhPBjwN3vV2L/jm7g7Au9c+GY/VE8umlQEXoDPe7g2DObnS8m2H5JA==,69e2e5bd6bef73a051b5ed44,2026-04-23T11:08:22.938Z,False,False
69e9fda4d47cf980f80b99e3,N/uvR/3tXdgXloIDq+fnSVUe3ksDUkEtNAyIbO74+GhJ78p9Nra2JBwYisgcaST5Tw==,69e2e5bd6bef73a051b5ed44,2026-04-23T11:08:20.02Z,False,False
69e9fd98cb70bcf65cc6cc3e,Pj3Sd7dG2DZvVayvWATDXeU6HuqtmzgoCBHjvHPnPreXEy1HXn8tEYplK0oEfO0Hv+e4F2et/NUWUM4MjG4r,69e2e5bd6bef73a051b5ed44,2026-04-23T11:08:08.948Z,False,False
69e9fd8fd47cf980f80b9990,EIjXysuMTuNeWyzTZ4nzP59EuZ0CbdzFuleeD9b/Koq8VYcbeApby6J1Gj/NAZPx,69e2e5bd6bef73a051b5ed44,2026-04-23T11:07:59.692Z,False,False
69e9fd85d47cf980f80b9971,/liAtl7IC7lyUL2w+V92a6Buvmwo2AFMDChuK3USqknF/uO2AXSf/p/tFBSPp+uzHFgQM0Nr3cW9LbDNAU/8zSx6sF03,69e2e5bd6bef73a051b5ed44,2026-04-23T11:07:49.587Z,False,False
69e9fd6acb70bcf65cc6cb9b,FcasdFhKO5qyiTO9Vk2JKRAIJP2QptmIM5pEcBFbfwjh8yxPnU+7gc33e3aAFQFshjrtGgxzwQz8rB4w0Ufi86dkCz6CGugikay9o+zoODVunrK5mPgXpYT0b2vMIo6b1vtbe7l+cBxZ2lLr15wlcXw/pv3w8TJ4UAO4,69e2e5bd6bef73a051b5ed44,2026-04-23T11:07:22.95Z,False,False
69e9fd4fcb70bcf65cc6cb20,IL8UDUKYDBh22T/5zuvJlEcbEK+pHBHK0otRq1jjKAj5ZcLs4R0VIzZOD6/5FVcWs23hqd2GxFSgwtPLWndEc5PjjERa3Hn6HblK85sPugGANZhbGZ55ZIcUijr7sHynJNROlnSNQgg=,69e2e5bd6bef73a051b5ed44,2026-04-23T11:06:55.539Z,False,False
69e9fd4ef5c082bbcf8d0eca,LhUghJOPxZAUVWdi9s90HriWWjykIZpPsSAXxreNoV4BFA==,69e2e5bd6bef73a051b5ed44,2026-04-23T11:06:54.08Z,False,False
69e9fd25cb70bcf65cc6c9c7,T2J5T4HPqcYAqRaXc4UG52WMj+0C86Xcjp5nfjcX58tnC1joCckv4ZlYOg7NbowAOoZKgetXqYw=,69e2e5bd6bef73a051b5ed44,2026-04-23T11:06:13.032Z,False,False
69e98d25d47cf980f8092736,ishRnkDFKVeDYrlYCFvLGJqK3tft86f1N3/p74Wx887Vpohla+0OToN8uPh+/80=,69e2e5bd6bef73a051b5ed44,2026-04-23T03:08:21.034Z,False,False
69e98d01d47cf980f8092693,mF+humBlkyf4VwDTwe6klIl30Cl4SFm2xFSMXlYvwy5AeGYd/lUKyA9XHfaRWvI6OyXompibY9DBHQB6,69e2e5bd6bef73a051b5ed44,2026-04-23T03:07:45.002Z,False,False
69e98c95d47cf980f80924a9,xWUQvJ5C7W2/yf0CjUTZSAg9xh6VfW9sKYEScGGqFawe2l2KshSKJuUM8bEtp04Kx06V,69e2e5bd6bef73a051b5ed44,2026-04-23T03:05:57.522Z,False,False
69e98c5ecb70bcf65cc44d10,C1eJqjpnEusEEb4IBydOz8ymegZzwW6N8dCgJNZ+idZ577haQOYLl7l7G//o16Wf7yAlR5h0IjXhdzfPqA==,69e2e5bd6bef73a051b5ed44,2026-04-23T03:05:02.496Z,False,False
69e98b12d47cf980f8091d1f,psn0dm2hOCR02z9gwSyWps2yRiESCRfHZ/Mr6luYILhav4n/CjRKI04Qy0WBXHpox/UrdpCxnnzqPoTeYA+sPXuUlk4y+XIC/uAZqGR5yhr9DTaCow==,69e2e5bd6bef73a051b5ed44,2026-04-23T02:59:30.765Z,False,False
69e982bdd47cf980f808f599,7piyCm6SNbAF4gJMNzQoCkzfhYJcoWK6nuL/hD8thbsaCXkT0CoN0wXlwiQQ9A==,69e2e5bd6bef73a051b5ed44,2026-04-23T02:23:57.144Z,False,False
69e9334ff5c082bbcf7813de,,69e2e5bd6bef73a051b5ed44,2026-04-22T20:45:03.736Z,False,False
69e91a7bf5c082bbcf761fa8,,69e2e5bd6bef73a051b5ed44,2026-04-22T18:59:07.734Z,False,False
69e918c4f5c082bbcf75e575,,69e2e5bd6bef73a051b5ed44,2026-04-22T18:51:48.982Z,False,False
69e916ead47cf980f807bd1d,,69e2e5bd6bef73a051b5ed44,2026-04-22T18:43:54.625Z,False,False
69e8eb2b178e2d43e418d721,,69e2e5bd6bef73a051b5ed44,2026-04-22T15:37:15.442Z,False,False
69e8d0a86bef73a051f4b8f3,,69e2e5bd6bef73a051b5ed44,2026-04-22T13:44:08.066Z,False,False
69e8b901548cb32fab9975f3,,69e2e5bd6bef73a051b5ed44,2026-04-22T12:03:13.519Z,False,False
69e7f1f6548cb32fab811c1b,,69e2e5bd6bef73a051b5ed44,2026-04-21T21:53:58.602Z,False,False
69e7ae25548cb32fab79b0cd,,69e2e5bd6bef73a051b5ed44,2026-04-21T17:04:37.627Z,False,False
69e76c9a6bef73a051dc4bfe,,69e2e5bd6bef73a051b5ed44,2026-04-21T12:24:58.835Z,False,False
69e727bc548cb32fab63ef62,,69e2e5bd6bef73a051b5ed44,2026-04-21T07:31:08.903Z,False,False
69e7102c548cb32fab5ffd94,,69e2e5bd6bef73a051b5ed44,2026-04-21T05:50:36.217Z,False,False
69e70fcc548cb32fab5feed4,8z8WxaHNg+MXN5sQsVb+5xnnLoGhipFNIkSufZgu,69e2e5bd6bef73a051b5ed44,2026-04-21T05:49:00.61Z,False,False
69e70fcb548cb32fab5feec3,FOoubOYpfq9/4VX3ODZbMYriczFCCLgbHRji73Aa4ZRYZHeeWU8XQd2vZ1T52AsXS6UTUJQg8GisHa1u2LaVJvWD4ljGq7/9gnOM,69e2e5bd6bef73a051b5ed44,2026-04-21T05:48:59.319Z,False,False
69e6f0a4548cb32fab5b535f,,69e2e5bd6bef73a051b5ed44,2026-04-21T03:36:04.175Z,False,False
69e68f51548cb32fab557a27,v+GeYPmnn0y4OtVqf3mtnM0MSk9fVCa+VEtDGxYclAgJLo3Vo+6psw==,69e2e5bd6bef73a051b5ed44,2026-04-20T20:40:49.101Z,False,False
69e67940178e2d43e40c9e4f,M7Mf/UW2ogy+fGg22C0/OxoVarDMiopFdZlznXKPRbQ=,69e2e5bd6bef73a051b5ed44,2026-04-20T19:06:40.181Z,False,False
69e66fe0548cb32fab5228d1,m0sqQRxCSL2HdDmFy/W56aZIL9OWz5I2OtdXO5j+zeKIImrGeWq531dSs0tRVIccctOvbQ==,69e2e5bd6bef73a051b5ed44,2026-04-20T18:26:40.368Z,False,False
69e66c14178e2d43e40c2ee8,5ICyL0btCmzcDSDXpz96/3J55BkKQB9lWkR0v769cO/wMhRG+5zL,69e2e5bd6bef73a051b5ed44,2026-04-20T18:10:28.522Z,False,False
69e6650c178e2d43e40bfb91,3juvIa0bLHaJLlY3McTkP3OZj0KNAwuAnTMYygG8uOeueg==,69e2e5bd6bef73a051b5ed44,2026-04-20T17:40:28.994Z,False,False
69e63299548cb32fab476740,,69e2e5bd6bef73a051b5ed44,2026-04-20T14:05:13.63Z,False,False
69e6301b548cb32fab46fad1,uRV0O9S5sEWs16OIfcf00L0kJlUu4N0C6CiP4qDPBPw=,69e2e5bd6bef73a051b5ed44,2026-04-20T13:54:35.486Z,False,False
69e61d9b6bef73a051c45ca2,,69e2e5bd6bef73a051b5ed44,2026-04-20T12:35:39.535Z,False,False
69e61c3f548cb32fab43b9f1,,69e2e5bd6bef73a051b5ed44,2026-04-20T12:29:51.299Z,False,False
69e61a98548cb32fab4374d0,JpM0kkV1XbIqLG2aIT9i3NP4xMYck8YbfC0SKkngiC3exKc=,69e2e5bd6bef73a051b5ed44,2026-04-20T12:22:48.841Z,False,False
69e61a92548cb32fab4373bb,/5dZ/AKx+zntIP0WfJeJDAqVbl6I8u9Oi4SIm03kQ0Z1GYv3u4PUJ+3l,69e2e5bd6bef73a051b5ed44,2026-04-20T12:22:42.71Z,False,False
69e5bb36548cb32fab337d37,,69e2e5bd6bef73a051b5ed44,2026-04-20T05:35:50.459Z,False,False
69e59f4c548cb32fab2f2abf,,69e2e5bd6bef73a051b5ed44,2026-04-20T03:36:44.277Z,False,False
69e5273b6bef73a051c0e1d3,,69e2e5bd6bef73a051b5ed44,2026-04-19T19:04:27.415Z,False,False
69e510b8548cb32fab230fa6,Nm/fREY828KUn0LYYjJ2Y0ZGAsyi8acSgF+z3OmdG1Kqo0KwlLgo47t4pAuAyA==,69e2e5bd6bef73a051b5ed44,2026-04-19T17:28:24.601Z,False,False
69e50a726bef73a051c04d79,,69e2e5bd6bef73a051b5ed44,2026-04-19T17:01:38.391Z,False,False
69e4f6786bef73a051bfdaba,,69e2e5bd6bef73a051b5ed44,2026-04-19T15:36:24.601Z,False,False
69e4f635548cb32fab1e1f8e,QEN6iskwlDQz1PKrJI8/pTnm+oY+abMv/mZ6+sQgTGuDI1n/kVxKExD/0wdAliTEi/WUgWZE2KIyEt66,69e2e5bd6bef73a051b5ed44,2026-04-19T15:35:17.526Z,False,False
69e4ee8c548cb32fab1cb48a,MgMiZ/DvohB2lhgH9sH6cfBVpNNi7BeF5KjofqKmh/IHzPoUrKwLC24JgiiI/amdKLPCKS73wrYjVlhI25mzmnbvC4DbBiqmKRve9plK8geJVEISZR5/Vb93f1t/rBDbCXdpRG9LRdOo/ZN+ddRw6EvFJw==,69e2e5bd6bef73a051b5ed44,2026-04-19T15:02:36.74Z,False,False
69e4ee29548cb32fab1ca333,KAGd2UOvSRFYB49Fz1p5Wbxtc6G9gBQ3NpI2P3yikrlO9B39,69e2e5bd6bef73a051b5ed44,2026-04-19T15:00:57.376Z,False,False
69e4ed46178e2d43e4f13294,egD+E3lAeGm5lRSLYrCBq7ySe77vftBYXjp8NoSEzA==,69e2e5bd6bef73a051b5ed44,2026-04-19T14:57:10.62Z,False,False
69e4dd27178e2d43e4de2dd4,vU+lNYTXx+L2FmRmDIMRClVRvu0cyFv7Y97gv8GSJQ==,69e2e5bd6bef73a051b5ed44,2026-04-19T13:48:23.475Z,False,False
69e4d88c6bef73a051bf3a23,,69e2e5bd6bef73a051b5ed44,2026-04-19T13:28:44.925Z,False,False
69e4c355548cb32fab14e324,Ar2D64xn0clxhxRwHgseKOwruByH2BRE15Bqso0XmUaGUKHyYvnZgHL6er2PcmAV,69e2e5bd6bef73a051b5ed44,2026-04-19T11:58:13.286Z,False,False
69e4c346548cb32fab14e0b8,6Z3XieLx3hzF74XyoHcBjcWfc7iywzJlO+5g4Pb+kZYYbM8FIlxCmBe+Qku/BG6Wc5vu3wPRGMgY,69e2e5bd6bef73a051b5ed44,2026-04-19T11:57:58.65Z,False,False
69e4c32e548cb32fab14dbe2,zpXuodOdER+HceGCTBk5TkLckhxu01iMK2pOII4TVzCctLN0Ks8tCsw4lEZhVK0=,69e2e5bd6bef73a051b5ed44,2026-04-19T11:57:34.376Z,False,False
69e4b9ff6bef73a051be8661,MadAhzWmQCFVuDJh5SrmCR80CfcwneGdb1m5HNgRSLE0JcH+XbBwHg==,69e2e5bd6bef73a051b5ed44,2026-04-19T11:18:23.687Z,False,False
69e4b9e1548cb32fab133ae2,UdB6M/nta+Oo1gnz66vARxymy/LWIWs1XXNibwh6,69e2e5bd6bef73a051b5ed44,2026-04-19T11:17:53.79Z,False,False
69e4b7cf178e2d43e4dd29f1,sMH5INo46LB/Sum+maaCz24aaREkKx0ifN1xDpWVKLeKEMzglkugBps4Tvwj63uxcysFyB0so2BcZki/1iDgk7x00noAAw==,69e2e5bd6bef73a051b5ed44,2026-04-19T11:09:03.781Z,False,False
69e4b701548cb32fab12b68d,AFV+nR0clCrZvL7mnJeAMUgwQ5+1wXSgZvK604LFs4An,69e2e5bd6bef73a051b5ed44,2026-04-19T11:05:37.127Z,False,False
69e4a4826bef73a051be213a,,69e2e5bd6bef73a051b5ed44,2026-04-19T09:46:42.283Z,False,False
69e4a3bc548cb32fab0f5253,2ey/XjKbRG1hUDcFYMnPPhQFUym3JD56VbYkCsUhV5JxfjVFvQ==,69e2e5bd6bef73a051b5ed44,2026-04-19T09:43:24.97Z,False,False
69e49d5c548cb32fab0e2a06,5+hFvTQQIwR6l3fOQmFRQNbTFkEWp7i0t/KGBaCtI6KdjAU=,69e2e5bd6bef73a051b5ed44,2026-04-19T09:16:12.37Z,False,False
69e49233548cb32fab0c1404,r1t1xggX/r0dnyNmuvkRcC30ewVyfQhgw/HmRbsWXxvXg3npUWcZ1jK3,69e2e5bd6bef73a051b5ed44,2026-04-19T08:28:35.077Z,False,False
69e491af178e2d43e4dc2ae1,,69e2e5bd6bef73a051b5ed44,2026-04-19T08:26:23.263Z,False,False
69e48aa6548cb32fab0a9604,,69e2e5bd6bef73a051b5ed44,2026-04-19T07:56:22.824Z,False,False
69e48a86548cb32fab0a8f82,,69e2e5bd6bef73a051b5ed44,2026-04-19T07:55:50.464Z,False,False
69e48a71548cb32fab0a8b25,M9gHhZp4slWce40/ScQ9AFg/PxqsWandURGen4V80qgqbsUHZ/DBioXYR4Up6uTRXJGsVMDUycx2BYuPlAKtplus1IBooCsyldA2L0D8C+9+FcEIY/m5BEyZEcAlvAOD3IS9BUiTi6p7nmnaNNrFWobS1HyhwpxoMQ1FHb/icMdx,69e2e5bd6bef73a051b5ed44,2026-04-19T07:55:29.585Z,False,False
69e48a3d6bef73a051bd951f,OYCeaAoMrxipv3Li+g4342DtSxYJ0qO1/vXLVRV/MTbJ0CXXbrViww==,69e2e5bd6bef73a051b5ed44,2026-04-19T07:54:37.359Z,False,False
69e48a116bef73a051bd941f,,69e2e5bd6bef73a051b5ed44,2026-04-19T07:53:53.32Z,False,False
69e4898f6bef73a051bd9153,,69e2e5bd6bef73a051b5ed44,2026-04-19T07:51:43.242Z,False,False
69e4897b6bef73a051bd9101,,69e2e5bd6bef73a051b5ed44,2026-04-19T07:51:23.582Z,False,False
69e4896b6bef73a051bd90ba,,69e2e5bd6bef73a051b5ed44,2026-04-19T07:51:07.761Z,False,False
69e489646bef73a051bd90a6,,69e2e5bd6bef73a051b5ed44,2026-04-19T07:51:00.878Z,False,False
69e4894d6bef73a051bd9034,,69e2e5bd6bef73a051b5ed44,2026-04-19T07:50:37.283Z,False,False
69e489396bef73a051bd8fac,,69e2e5bd6bef73a051b5ed44,2026-04-19T07:50:17.184Z,False,False
69e489236bef73a051bd8f34,,69e2e5bd6bef73a051b5ed44,2026-04-19T07:49:55.75Z,False,False
69e488ed548cb32fab0a3dbe,cIJHjwC6FIT3rfDcYsR+2QyzG2v3BmJsCMN/V41kTsxmrwgCUjs4yVbSbagZ9VA=,69e2e5bd6bef73a051b5ed44,2026-04-19T07:49:01.059Z,False,False
69e4802c548cb32fab087037,qavPfDQ9gG1d/FmcKBCh78T3MTmrIWMzNxUlaFod47OpfA6/04s=,69e2e5bd6bef73a051b5ed44,2026-04-19T07:11:40.986Z,False,False
69e47e44548cb32fab080d61,g8hPrbAgrf64v8uF5sxAinkfsZ5bhns2glrXimgAiHFj+w==,69e2e5bd6bef73a051b5ed44,2026-04-19T07:03:32.146Z,False,False
69e47e40548cb32fab080cc1,QstFMDKzAp39owp9dCHh/Yi0PzoqqpEXnbqRcqiudP4OAqxFRuIC6iTopvHyvhsqTiCA5EA=,69e2e5bd6bef73a051b5ed44,2026-04-19T07:03:28.579Z,False,False
69e47e23548cb32fab080714,opjFByK4bfjOASda5TReLipE3vIudrlvk/oAc6GQ3g==,69e2e5bd6bef73a051b5ed44,2026-04-19T07:02:59.802Z,False,False
69e47d3f178e2d43e4db8b56,eOfnIPl/AcVWy99MOdg1ESfRmfArpKGGRQ0GpjNYlnsUyMEBnBk=,69e2e5bd6bef73a051b5ed44,2026-04-19T06:59:11.659Z,False,False
69e47b8f6bef73a051bd43b0,,69e2e5bd6bef73a051b5ed44,2026-04-19T06:51:59.703Z,False,False
69e47afa548cb32fab07557d,cnTZiWSXuxxV0MYUkclW40b8tiyP5v9EfVz9F6wTtN9l/8PdJHgA1xASVo2uusmcNsJHh459P7c=,69e2e5bd6bef73a051b5ed44,2026-04-19T06:49:30.442Z,False,False
69e47ac7548cb32fab074acc,,69e2e5bd6bef73a051b5ed44,2026-04-19T06:48:39.277Z,False,False
69e47a9d6bef73a051bd3db9,,69e2e5bd6bef73a051b5ed44,2026-04-19T06:47:57.932Z,False,False
69e47a94548cb32fab0740b5,oX+l7n7lRr9+oJf1FULFVoSH7l12MRrFlRNMJ6cz4nNxl9jpbXJWKn2fWZoiIEAbIlTR1MP61X8jDYC+9GAv,69e2e5bd6bef73a051b5ed44,2026-04-19T06:47:48.131Z,False,False
69e47a17548cb32fab072372,,69e2e5bd6bef73a051b5ed44,2026-04-19T06:45:43.377Z,False,False
69e46c48548cb32fab04288a,iUqNjwok55CXd+WFfCgK4DSv/UZIBYUzLtOY7kaHlY1NR4GaefMmXYgKu3623du7Od7Cng==,69e2e5bd6bef73a051b5ed44,2026-04-19T05:46:48.062Z,False,False
69e46bed548cb32fab0416de,KJkxE3KIGQ2OkMWirf1lBIWSkt7Ns7sfyW9Zs6Ynh1YE6xYK5c7qnJ0vm5CCZyA=,69e2e5bd6bef73a051b5ed44,2026-04-19T05:45:17.379Z,False,False
69e464e6548cb32fab02a7e0,,69e2e5bd6bef73a051b5ed44,2026-04-19T05:15:18.871Z,False,False
69e4646f6bef73a051bcb66f,,69e2e5bd6bef73a051b5ed44,2026-04-19T05:13:19.32Z,False,False
69e462c0548cb32fab023290,,69e2e5bd6bef73a051b5ed44,2026-04-19T05:06:08.231Z,False,False
69e460e1178e2d43e4dab665,,69e2e5bd6bef73a051b5ed44,2026-04-19T04:58:09.878Z,False,False
69e45af6548cb32fab00af75,,69e2e5bd6bef73a051b5ed44,2026-04-19T04:32:54.982Z,False,False
69e45a87548cb32fab009b30,qdwUMmd4HyPWwRCZHpkEKHk2HidAN4TSCuMkExFvyO0Leq0O/i7KylP+/rMd6RcTZTTJrHnvr7GiHD7qEnAK8XdO7nbnxQ==,69e2e5bd6bef73a051b5ed44,2026-04-19T04:31:03.743Z,False,False
69e45878178e2d43e4da7f24,rC+DfddBE4amxpiLLRkLfkuyY471QTmbl0/mbcxQHQm8kB8QSo7+uWoodxOFFv00K7eGwr4VLng677ZSPbg=,69e2e5bd6bef73a051b5ed44,2026-04-19T04:22:16.611Z,False,False
69e44b5c6bef73a051bc339d,,69e2e5bd6bef73a051b5ed44,2026-04-19T03:26:20.006Z,False,False
69e445a3548cb32fabfd17f5,,69e2e5bd6bef73a051b5ed44,2026-04-19T03:01:55.772Z,False,False
69e43f5d178e2d43e4d9f68f,,69e2e5bd6bef73a051b5ed44,2026-04-19T02:35:09.925Z,False,False
69e4100f6bef73a051bb9559,,69e2e5bd6bef73a051b5ed44,2026-04-18T23:13:19.749Z,False,False
69e3eed6178e2d43e4d93cc1,,69e2e5bd6bef73a051b5ed44,2026-04-18T20:51:34.938Z,False,False
69e3eb416bef73a051bb645d,,69e2e5bd6bef73a051b5ed44,2026-04-18T20:36:17.122Z,False,False
69e3e942548cb32fabf71bad,,69e2e5bd6bef73a051b5ed44,2026-04-18T20:27:46.237Z,False,False
69e3beb7178e2d43e4c557cc,,69e2e5bd6bef73a051b5ed44,2026-04-18T17:26:15.154Z,False,False
69e3ba00548cb32fabef722c,,69e2e5bd6bef73a051b5ed44,2026-04-18T17:06:08.976Z,False,False
69e3ab88548cb32fabec54af,,69e2e5bd6bef73a051b5ed44,2026-04-18T16:04:24.087Z,False,False
69e3ab86548cb32fabec5426,,69e2e5bd6bef73a051b5ed44,2026-04-18T16:04:22.444Z,False,False
69e37d70548cb32fabe2fb14,,69e2e5bd6bef73a051b5ed44,2026-04-18T12:47:44.297Z,False,False
69e37ce5548cb32fabe2e022,,69e2e5bd6bef73a051b5ed44,2026-04-18T12:45:25.631Z,False,False
69e37c72178e2d43e4b0d252,,69e2e5bd6bef73a051b5ed44,2026-04-18T12:43:30.969Z,False,False
69e3657e548cb32fabdea992,,69e2e5bd6bef73a051b5ed44,2026-04-18T11:05:34.869Z,False,False
69e3627e548cb32fabde2cc6,22AcKrq6gPUCROTGdiZeT3wD8d8NzKK98PyQ2OW6x3/lz/WtgxA71TvLKv5OfPOE+nOEoaBm8DYeY/W7SDb1wlN9ovz2Rm/qSZusqZjYW9iBqIGgUnEzYppgHfzhkCzGxii+PDN0yqO0AcL4VdV1UCwI1JNOoi0SKqM2f/X6AJjFO/aWfuzEoVMMtdWERIpaGKmRHMV0r39NjvcQNeV2BoPVqNnxUGXNXnj6K/hWe+k=,69e2e5bd6bef73a051b5ed44,2026-04-18T10:52:46.606Z,False,False
69e36200548cb32fabde193e,,69e2e5bd6bef73a051b5ed44,2026-04-18T10:50:40.629Z,False,False
69e360b66bef73a051b85de3,,69e2e5bd6bef73a051b5ed44,2026-04-18T10:45:10.059Z,False,False
69e35ff26bef73a051b85a56,,69e2e5bd6bef73a051b5ed44,2026-04-18T10:41:54.32Z,False,False
69e35d7b178e2d43e4aff8c1,,69e2e5bd6bef73a051b5ed44,2026-04-18T10:31:23.678Z,False,False
69e3551d6bef73a051b81d53,,69e2e5bd6bef73a051b5ed44,2026-04-18T09:55:41.98Z,False,False
69e3526b548cb32fabdb73e3,,69e2e5bd6bef73a051b5ed44,2026-04-18T09:44:11.405Z,False,False
69e350e66bef73a051b80863,,69e2e5bd6bef73a051b5ed44,2026-04-18T09:37:42.296Z,False,False
69e3500a178e2d43e4afa316,,69e2e5bd6bef73a051b5ed44,2026-04-18T09:34:02.924Z,False,False
69e34f0e178e2d43e4af9c2c,,69e2e5bd6bef73a051b5ed44,2026-04-18T09:29:50.562Z,False,False
69e344146bef73a051b7c126,,69e2e5bd6bef73a051b5ed44,2026-04-18T08:43:00.469Z,False,False
69e34400548cb32fabd8cbf7,,69e2e5bd6bef73a051b5ed44,2026-04-18T08:42:40.255Z,False,False
69e343d6548cb32fabd8c58d,DhhJGeLXuuBd94h+abI4P01FS/n2wO2tHSIW++Y01oh20vQKxqwp+w==,69e2e5bd6bef73a051b5ed44,2026-04-18T08:41:58.619Z,False,False
69e343d2548cb32fabd8c533,9GxopXpK2mk51pKQIySehLURDGWXj7/K3x9bsxA1ljfiYb3Ld8xdHWRw9s1CkxU=,69e2e5bd6bef73a051b5ed44,2026-04-18T08:41:54.904Z,False,False
69e34339178e2d43e4af4b36,,69e2e5bd6bef73a051b5ed44,2026-04-18T08:39:21.515Z,False,False
69e336bb6bef73a051b77d6c,,69e2e5bd6bef73a051b5ed44,2026-04-18T07:46:03.253Z,False,False
69e32847548cb32fabd3a0e2,,69e2e5bd6bef73a051b5ed44,2026-04-18T06:44:23.381Z,False,False
69e3219d548cb32fabd2339b,,69e2e5bd6bef73a051b5ed44,2026-04-18T06:15:57.34Z,False,False
69e3205b548cb32fabd1f338,WD+KJbKBFP+QWqqXUAqstSLUsbx/Aw5NeqNrOVRvXAVlTW8kvaDns73f85+59ls76qJUFrI=,69e2e5bd6bef73a051b5ed44,2026-04-18T06:10:35.289Z,False,False
69e30f4f6bef73a051b6a24c,,69e2e5bd6bef73a051b5ed44,2026-04-18T04:57:51.337Z,False,False
69e30d9a178e2d43e4add056,FMiK9L8amdq3kxXgadSl8CqqAiISizHGi+bij6K28uz4bmKDxHyxnPNnKyiXKKKvIFFkINWc7o9YhwNkbaHNVNPtTn5eKugceQCClD0w/CdAcLL92m9TTOQjMTSOxDMoZ/rwZnKmSOZjyMOkcKx6rGX+KnB5Gq90vnax9YABdyF2RKfaPHRm7CW/N3eJuDq0C4U+goCXZCq9cD/pLPHYuJA8ZlYi9ee6n89lHrmFWG8vQKxiCLUga92b2esGWMnWE9FF1qs556VA7o249+mDeFAfPdnT2UPfzHqXVmbX7B6alI/BxWZndKwtBRJzzqc=,69e2e5bd6bef73a051b5ed44,2026-04-18T04:50:34.367Z,False,False
69e30d76548cb32fabce6ad6,MA7Q+RCpWdBpZRaBDFDScCcgrvlZH8JDZ2eP2lZrbCleA1/5gFkRWSQnX03uMfVOPgF/loCYDhCzEwxR0NlE71gYeNV5yBfPiDaqQkx1a3OC/8sDCYl0,69e2e5bd6bef73a051b5ed44,2026-04-18T04:49:58.952Z,False,False
69e30d3a178e2d43e4adcdb5,FJIqs4wIoAeTnEw/2koiE3G7CE6icviGDlVACblbFsQ9jATPpMxSbI/fhbEVo8WPAmUJdcV6qQpSKhNXeeoaOV/1s7z+x8SimrulefapqJkutkAgecHJv/YJ9mh6QvhT7WNiv4P1KOnty9ItbrgYOldKeB4BwB0uoB9Oep86zfZgdAnUGafmhU+LmFV54ezC++q5IB50dlNIRL0CZG/rZMttBkaU9OKSkltT2vruffc1eHSr5bjixtZcwOsVfAdFjfMJ+t6MkcJZBfAYlwnInjqDWvsI2YEc4jiqsP+EjZjlKw==,69e2e5bd6bef73a051b5ed44,2026-04-18T04:48:58.714Z,False,False
69e30d2d6bef73a051b698eb,,69e2e5bd6bef73a051b5ed44,2026-04-18T04:48:45.595Z,False,False
69e30d046bef73a051b6981d,,69e2e5bd6bef73a051b5ed44,2026-04-18T04:48:04.436Z,False,False
69e30cc6178e2d43e4adcb0c,1d9CdYJldY+G0lWV1D5CX2EtIcP76pkd6vfH5zECcDyE26/whusfDUTf+QfkMq0=,69e2e5bd6bef73a051b5ed44,2026-04-18T04:47:02.644Z,False,False
69e30c33548cb32fabce3467,Ne6yXnoxwS/rtdChUU1WTwwj/tc9s6joiVVmuJQxFYAC3ZsFPIo9v2rjCPqWbA==,69e2e5bd6bef73a051b5ed44,2026-04-18T04:44:35.43Z,False,False
69e30b6e548cb32fabce1402,,69e2e5bd6bef73a051b5ed44,2026-04-18T04:41:18.851Z,False,False
69e30af16bef73a051b68e23,,69e2e5bd6bef73a051b5ed44,2026-04-18T04:39:13.076Z,False,False
69e3097d548cb32fabcdc2ae,,69e2e5bd6bef73a051b5ed44,2026-04-18T04:33:01.727Z,False,False
69e30928178e2d43e4adb483,LKjw/Pa6wTolwUsTUjn/P0zUQX1qddzw6sHkH1vLRHAtwnsNz96Zw3BJYg7+PFd/T/2nYggA9euQPbPKpp6kI80jeSnvRG4PQF7e1uq4QPWtla4DeyK2,69e2e5bd6bef73a051b5ed44,2026-04-18T04:31:36.479Z,False,False
69e308ff6bef73a051b68430,,69e2e5bd6bef73a051b5ed44,2026-04-18T04:30:55.264Z,False,False
69e307b7178e2d43e4adac13,,69e2e5bd6bef73a051b5ed44,2026-04-18T04:25:27.393Z,False,False
69e3069c548cb32fabcd4a53,,69e2e5bd6bef73a051b5ed44,2026-04-18T04:20:44.558Z,False,False
69e30675178e2d43e4ada3c6,Xke+031IAd9RDXT6vWpLs7cuSbtj5R8EzOUNzq8qnPg0b0ucu33r/77f5jE8YN+O0fcqGWW5Na+GknuqSxcJqAvrWcKc452LO6dzxD7VeQ==,69e2e5bd6bef73a051b5ed44,2026-04-18T04:20:05.813Z,False,False
69e30661178e2d43e4ada338,+r326yv388M9kaZn6YiIKeddYImiVB9xKUQUYJonBFzKBx/tCvwvNUND5qAII3/aGw==,69e2e5bd6bef73a051b5ed44,2026-04-18T04:19:45.494Z,False,False
69e3065d548cb32fabcd3f4f,,69e2e5bd6bef73a051b5ed44,2026-04-18T04:19:41.763Z,False,False
69e305e46bef73a051b67600,,69e2e5bd6bef73a051b5ed44,2026-04-18T04:17:40.781Z,False,False
69e30594548cb32fabcd1f16,,69e2e5bd6bef73a051b5ed44,2026-04-18T04:16:20.752Z,False,False
69e30533548cb32fabcd0ea1,,69e2e5bd6bef73a051b5ed44,2026-04-18T04:14:43.573Z,False,False
69e30486178e2d43e4ad98ff,,69e2e5bd6bef73a051b5ed44,2026-04-18T04:11:50.499Z,False,False
69e3046b178e2d43e4ad9877,,69e2e5bd6bef73a051b5ed44,2026-04-18T04:11:23.322Z,False,False
69e30386178e2d43e4ad936d,,69e2e5bd6bef73a051b5ed44,2026-04-18T04:07:34.629Z,False,False
69e30364178e2d43e4ad92aa,,69e2e5bd6bef73a051b5ed44,2026-04-18T04:07:00.799Z,False,False
69e30319178e2d43e4ad90e0,,69e2e5bd6bef73a051b5ed44,2026-04-18T04:05:45.02Z,False,False
69e302356bef73a051b663a1,,69e2e5bd6bef73a051b5ed44,2026-04-18T04:01:57.62Z,False,False
69e3004f548cb32fabcc3b84,,69e2e5bd6bef73a051b5ed44,2026-04-18T03:53:51.342Z,False,False
69e2ff076bef73a051b6547f,,69e2e5bd6bef73a051b5ed44,2026-04-18T03:48:23.298Z,False,False
69e2fd81178e2d43e4ad7010,,69e2e5bd6bef73a051b5ed44,2026-04-18T03:41:53.085Z,False,False
69e2fd54548cb32fabcbbbb5,,69e2e5bd6bef73a051b5ed44,2026-04-18T03:41:08.225Z,False,False
69e2fcac178e2d43e4ad6b91,,69e2e5bd6bef73a051b5ed44,2026-04-18T03:38:20.438Z,False,False
69e2fca5178e2d43e4ad6b64,,69e2e5bd6bef73a051b5ed44,2026-04-18T03:38:13.794Z,False,False
69e2fbef548cb32fabcb88a8,,69e2e5bd6bef73a051b5ed44,2026-04-18T03:35:11.846Z,False,False
69e2faf1548cb32fabcb61ed,,69e2e5bd6bef73a051b5ed44,2026-04-18T03:30:57.855Z,False,False
69e2fabe548cb32fabcb594b,cLZ2XO/jjhiPaCPgUR6EeWnsNRCJdZPWNHeXEkXu0bvY/TeNbt7WKrNykNN4XwsCn2EaaTcgIBMTVF0w3p783I8RWd0hYb4BxyTrfMrwgnOMZe8=,69e2e5bd6bef73a051b5ed44,2026-04-18T03:30:06.173Z,False,False
69e2fa936bef73a051b63f40,,69e2e5bd6bef73a051b5ed44,2026-04-18T03:29:23.491Z,False,False
69e2f99a548cb32fabcb2b3c,+Crd2kduesxjYQbS5gs0moW6eczgh2+GbF9gAeDKKoKO32r20yxLVDqz585G2dY1bAyi2pAsQSWpdnoZE3wasyGOSgO1IdUa27RK2A==,69e2e5bd6bef73a051b5ed44,2026-04-18T03:25:14.541Z,False,False
69e2f95e548cb32fabcb2298,zvQO0pE8jhqMEMPqWlTGTqC2jOL5eFq95CnWHp8IdM/KOnhUaMbvB0JTMjPWXoPM9WmJaw==,69e2e5bd6bef73a051b5ed44,2026-04-18T03:24:14.902Z,False,False
69e2f952548cb32fabcb2170,,69e2e5bd6bef73a051b5ed44,2026-04-18T03:24:02.568Z,False,False
69e2f94d548cb32fabcb2103,,69e2e5bd6bef73a051b5ed44,2026-04-18T03:23:57.548Z,False,False
69e2f9306bef73a051b63963,,69e2e5bd6bef73a051b5ed44,2026-04-18T03:23:28.803Z,False,False
69e2f8ac548cb32fabcb0b75,YtD3dv0xP6UJ09zePa+hmv4V6VZZoyHIiSOwKVLlG0hRFOX1qOAoyWr+GItP,69e2e5bd6bef73a051b5ed44,2026-04-18T03:21:16.905Z,False,False
69e2f888178e2d43e4ad5587,,69e2e5bd6bef73a051b5ed44,2026-04-18T03:20:40.929Z,False,False
69e2f822178e2d43e4ad5331,,69e2e5bd6bef73a051b5ed44,2026-04-18T03:18:58.528Z,False,False
69e2f788178e2d43e4ad5024,Cb5D9KTYyXIK4nr0TxmrFahzTu8JwLCCa/iaG3BD,69e2e5bd6bef73a051b5ed44,2026-04-18T03:16:24.656Z,False,False
69e2f76e548cb32fabcadc19,eVpyVnBnBp3PLDxLSPQS9ZOf8+hAQfTP7dPn/ZnW,69e2e5bd6bef73a051b5ed44,2026-04-18T03:15:58.26Z,False,False
69e2f757178e2d43e4ad4f25,Df9yOgTm43D9MAThpYQGrqhTRHqAmL3K+R1zNWRHHIQeZtjgKfepb4uRPDOSpt/Tfx2B11PSfbB75XG5Soap0Fh5x3M=,69e2e5bd6bef73a051b5ed44,2026-04-18T03:15:35.725Z,False,False
69e2f74c548cb32fabcad776,,69e2e5bd6bef73a051b5ed44,2026-04-18T03:15:24.674Z,False,False
69e2f743548cb32fabcad688,SaG9bCFxrVPvMPumWiCjz2p8LdqcX2ppdAfZWB6owLPvieN12hWeYsFsU+F0lL9bhWSq9xKFiyaDKi5621P2gBphDHbHIDW6,69e2e5bd6bef73a051b5ed44,2026-04-18T03:15:15.508Z,False,False
69e2f6fa178e2d43e4ad4d24,GtmgCpIQVomCggNE7dPexeeHC8ehx4h+bU2jqE7XijwBtQ4u9wF+qRqfQWcaYS46oJx+CNzMDX7fmTi0XLjHfHiMobCXY5bmiBQAJRLYVw==,69e2e5bd6bef73a051b5ed44,2026-04-18T03:14:02.411Z,False,False
69e2f597178e2d43e4ad459a,5kzvXkG18HqC28M6KcgChfCMt17kxcsazlAsdT9vQIbryjLStdUKmfMBc5rfA1bIStHmvtfsr1DekbnfbKzCIS8rYvLW3BCWw7sxGT1VipYMKoXmcbSHskVsRop67FQC5RGPvw==,69e2e5bd6bef73a051b5ed44,2026-04-18T03:08:07.572Z,False,False
69e2f57b548cb32fabca94e2,u81rR50tnfVmHUOhDhL+TnruD2nSnwJFoGbGVcGuIkjEmpgdww9YXJ57YMdnshtXLTxmNCGg0rNvpslZ4Fbx2WaqqiuUXhFeMl9HmO4gx3YWvw==,69e2e5bd6bef73a051b5ed44,2026-04-18T03:07:39.997Z,False,False
69e2f57a178e2d43e4ad450f,1llNGgMdT7DLp0l9lsvIGf5SBCtaiAR7rmbPIAuW09aKH9welwBtqQS/w3+ZuYGqH6vih3QlP9TJdQn53sUMkQOVuKNSpnZaG7Im6u6ey4fGvjB+0w5O,69e2e5bd6bef73a051b5ed44,2026-04-18T03:07:38.107Z,False,False
69e2f56c548cb32fabca92b6,/Gw5ovhxDTyFtCm7gDMrTtdivGH30K/Uf3TRxvSTWWP+sfpP1wt6P7P5GWwL4P5JXVkqLr4=,69e2e5bd6bef73a051b5ed44,2026-04-18T03:07:24.761Z,False,False
69e2f50b6bef73a051b626d9,,69e2e5bd6bef73a051b5ed44,2026-04-18T03:05:47.848Z,False,False
69e2f509548cb32fabca85db,7fGtwcVvAjlHXmQIVFUwolNSlTjxTcwGlPek6UvCyMIA/gVDU2uYYaH4NYnnXgl7jSxs4biGHSPXXdHpbUQLC6+yp9hTtVNNm5f89nqdRbtGYvZTAuxOfMFGAhqcJRN7CS+lcq1veuA2P1Q0Nsc=,69e2e5bd6bef73a051b5ed44,2026-04-18T03:05:45.69Z,False,False
69e2f4ce548cb32fabca7e9b,,69e2e5bd6bef73a051b5ed44,2026-04-18T03:04:46.571Z,False,False
69e2f4a06bef73a051b624f7,,69e2e5bd6bef73a051b5ed44,2026-04-18T03:04:00.838Z,False,False
69e2f469178e2d43e4ad3f46,,69e2e5bd6bef73a051b5ed44,2026-04-18T03:03:05.204Z,False,False
69e2f4396bef73a051b62343,,69e2e5bd6bef73a051b5ed44,2026-04-18T03:02:17.243Z,False,False
69e2f397548cb32fabca542f,TuETEZJNOu67cnIQu8kYGhYhy5G0IZ9/jAaLdAbvYuYgGlb7WM/0t6vEcRY3o/oaIH4Ga/94fbr3X3cvGR+i/1YaVHfTIPgyel27NTBjYHTa3Bh173QoqPp+Ckwvc+Pg4kP9V2F+I2c=,69e2e5bd6bef73a051b5ed44,2026-04-18T02:59:35.903Z,False,False
69e2f348548cb32fabca4951,NB7T7ycrX7oCIWQrzDMcWHOS9hCC9i3ffm8m9vA+ZqYmTp6amSLdjV5Pf8v/ovD0M8/+XVYSDsdmMvvf+Z5ifJmTVSCpO00+jZGIyeHg,69e2e5bd6bef73a051b5ed44,2026-04-18T02:58:16.218Z,False,False
69e2f2ee548cb32fabca3c6f,fydaucGQmx+mqgFr18xRJfNVKCHRIp9fq7UeEYa9CC4RqCGNsC7gr9xaIipd+KNnXKCKZk86jH35wlgN8J8WS9vLZXBNsoaNPTiREEXZGDqqwqzAHkIiY+AqJcziLpZ/B3VHqU/zKaVMhFf27BA=,69e2e5bd6bef73a051b5ed44,2026-04-18T02:56:46.886Z,False,False
69e2f2d8548cb32fabca3940,lFU7ifKvi/H0NaaF9RSdexsO7bTcjq1PNxdAavCL+hCFiYtdlNGhnzbJ2yvwOcoR6Sre90umRWBCqgwHUg==,69e2e5bd6bef73a051b5ed44,2026-04-18T02:56:24.818Z,False,False
69e2f261548cb32fabca28a1,,69e2e5bd6bef73a051b5ed44,2026-04-18T02:54:25.306Z,False,False
69e2f22e178e2d43e4ad3472,yOHYB0thqNngZon4x0OjEeVumIF9H8UuWMMjlUCFIASE586icevQAv4pinjpwX/2c23dxZ4UFAJ136vChja7it2J26Xbbu36EPbKsUcCjr5wAPOK6pB5Z+CcS6+BwjdIiTr/LhxL7EqVC1Vz72+45FV68+92n75nx4vebV3zXqgpmtJEyLVJZ0OinWpfaKwcO15o7D7RS/W6r4Kzy1sKAWONzLWNMnQ5v4p+if14pCvotiS0e1NffDY=,69e2e5bd6bef73a051b5ed44,2026-04-18T02:53:34.916Z,False,False
69e2f1d2548cb32fabca1477,uGB32lXQBX+IWM3NLxCceESwZB0pIeBU146pPZMDjRVxMLdTRgtnTisoO4NDYXcKe91bnl6UwLIrE1/igHGnX8jx5zsH11b+FwYf8L251qtw,69e2e5bd6bef73a051b5ed44,2026-04-18T02:52:02.458Z,False,False
69e2f1ce548cb32fabca13ec,ULKpkmxyy6JzN8nz22HAeNEga7V7IL9iZGM0uhGBtpSbC6hKvsl2MT16Lk3KrgKJAc/Yp36vvd0avnvrw42T4l8W/d1mkTGatg==,69e2e5bd6bef73a051b5ed44,2026-04-18T02:51:58.232Z,False,False
69e2f1b1548cb32fabca0fb5,OeuEhFilOt9DvFmGxiMXFfQk0HseeuG4ntZ7yOxh,69e2e5bd6bef73a051b5ed44,2026-04-18T02:51:29.852Z,False,False
69e2f1a8178e2d43e4ad31ac,leGANQ62ZD09sjrlLEHnbOYhAKVTbY5dXhGwfPE8iTHDhO2f,69e2e5bd6bef73a051b5ed44,2026-04-18T02:51:20.927Z,False,False
69e2f1a0178e2d43e4ad3171,4/3Ulm0phoeqPAql2u3DiuGHY1KGylCIrn4klP/j8gCc0WGN2GzjDFuawIT+9gIxKovvYadrBci2y70h,69e2e5bd6bef73a051b5ed44,2026-04-18T02:51:12.07Z,False,False
69e2f1976bef73a051b618ac,,69e2e5bd6bef73a051b5ed44,2026-04-18T02:51:03.77Z,False,False
69e2f18e548cb32fabca0b29,vXHTMO/VD9e8ILy6A4LAcZoEPZtFBsutZGAN2fkAL0F9ORPPpbziVV4knseCjIgVFRabelfVGpA9TDye23pWCNqY8y9Olu5E0GCghn2+v36lRG+C,69e2e5bd6bef73a051b5ed44,2026-04-18T02:50:54.161Z,False,False
69e2f17a178e2d43e4ad30a3,aqVOKfXcXpl0JpC38mSbBR3gptd3TdhwJncewC2MYyrxIhAgTMc=,69e2e5bd6bef73a051b5ed44,2026-04-18T02:50:34.873Z,False,False
69e2f169548cb32fabca0678,+OpWKLTTQY8ZA3as+abxfJ7uWBnx4uJr8spVHL6GvrcTnTEv0f+prCRtAY7tWinAbbRF,69e2e5bd6bef73a051b5ed44,2026-04-18T02:50:17.85Z,False,False
69e2f15e178e2d43e4ad3017,Oi3TbcCRFUatP+l6IVzP1Ck7wlKHzDf1cSDE2PAZlApFaKXKCycok5XYwTKa62A/RA88NiIc+dz8cCBpU4R9Z3Jt8u4kcjjc3Ddkln1MaPGBHGbaru4aPbkkalRU1eRZbivn6UgAtjWCO2lQmLGm9U6K7LgCLrGRLWfb,69e2e5bd6bef73a051b5ed44,2026-04-18T02:50:06.898Z,False,False
69e2f159548cb32fabca048c,lBUgYoZTGRTHMor7WKXOHTr8ALvTlN4359LfeOOshsyamB2L1L8o,69e2e5bd6bef73a051b5ed44,2026-04-18T02:50:01.571Z,False,False
69e2f145548cb32fabca022b,nAqahQQjzK1G0P9sMGuo1tBD50BcfPQkJNuGGgLlnh4QsJd7,69e2e5bd6bef73a051b5ed44,2026-04-18T02:49:41.672Z,False,False
69e2f11c548cb32fabc9fb72,u43tbBSLpO9gi2bUoNnbHeVERDA1iAnctYdU3huJpXbHZjUUJ8eWB5vhy+JiqGQZSI8ICL15Gh42mAtD2/JUnp4NiD8=,69e2e5bd6bef73a051b5ed44,2026-04-18T02:49:00.554Z,False,False
69e2f0ec548cb32fabc9f4e4,NB1pSLWljw2eDltIsQ5vGYrepJByUpQ1QCv3D/9ErZE=,69e2e5bd6bef73a051b5ed44,2026-04-18T02:48:12.074Z,False,False
69e2f0de178e2d43e4ad2db4,alysXFM6v0O5pTSxsoV1Rjbl4vwj3YRbjn41TZcx9nkO1q211+NHun19R8jcCdTZ5LurVSLK8kZ+KHCbc/R48cjyrU4mZfOixsl5drL31Po0K/oZdySrgW6xmogHO40OLK8bwc9pVRECp0Hg6mfSxQuYEkNaj6M0PftSZlKOvzs1eUma3NiuCIybrlXETmrjYtxk+a3gkwB2PWEXqhSnFKBehzBpdl3v1uCXmTNxZ6BCs9uU5MrzkZtZTY1QWE3fZtR/6+J8I0E=,69e2e5bd6bef73a051b5ed44,2026-04-18T02:47:58.047Z,False,False
69e2f0d2548cb32fabc9f110,EVsRqEAu79eqEZaZ9YFS2fTNbo+8RndLVEkuO1BWz7da8qykdX88EkVVTPrkIXwMQzmo2RCWXumlZQP6wsFyN6UW0+sW+5uP,69e2e5bd6bef73a051b5ed44,2026-04-18T02:47:46.805Z,False,False
69e2f0bd548cb32fabc9edf9,nWG1dSTRz1CC1cmj1qtgip+SxAeU9TzX25+3x3ZKiL83gQozErxQFspg9wIIhg==,69e2e5bd6bef73a051b5ed44,2026-04-18T02:47:25.015Z,False,False
69e2f0b2548cb32fabc9ec51,5eQaBzWVCtASsCg7x0mYiYv67DryaPlu2NxBij7V3pBCR+B2SeRaXg==,69e2e5bd6bef73a051b5ed44,2026-04-18T02:47:14.21Z,False,False
69e2f0b0548cb32fabc9ebc1,L2QSGBU6inzEN/eaRz7Amwr6/q9stb5TmvyNgc4Sm40c3Nm/IKrWnQ==,69e2e5bd6bef73a051b5ed44,2026-04-18T02:47:12.482Z,False,False
69e2f0aa548cb32fabc9eb0e,f/WC9FOIEbKrZvdr/I7sVBVhqd0QPGCI3hlbTbv1nhqul6zaDF/aJuy3dwLArnILi0Hu+JmgwugKQn1y5KLuleg=,69e2e5bd6bef73a051b5ed44,2026-04-18T02:47:06.472Z,False,False
69e2f0a3548cb32fabc9e9a9,saL2no8iNweBBlyA/4K7oz8/URWcp6w9UFGG05GnKaRa6g==,69e2e5bd6bef73a051b5ed44,2026-04-18T02:46:59.067Z,False,False
69e2f099548cb32fabc9e8a5,d2OBtMj8pA2XO+8ETVFTM0l6QAuEDpRtNOKwkRj4EV1XFx2wXTNL4y5Dzw0OqWg=,69e2e5bd6bef73a051b5ed44,2026-04-18T02:46:49.958Z,False,False
69e2f092548cb32fabc9e813,/x/vM/rdNboYiiiqhyelNJpQJARYAhtPbCqIa9UCCshrOWBA,69e2e5bd6bef73a051b5ed44,2026-04-18T02:46:42.959Z,False,False
69e2f090548cb32fabc9e7e0,ZoCuQnYnUqcGRTwCCH3HyVQM9xRENde5PSrvxRMwDjtrc+87aW0k0R3sIFxhBX0smQ==,69e2e5bd6bef73a051b5ed44,2026-04-18T02:46:40.021Z,False,False
69e2f088548cb32fabc9e724,HamRYFW2jS4i9j4Y5UK7GvTQxPlvXMieqn1SHIYjR+qUKUb73YwQms1ylA==,69e2e5bd6bef73a051b5ed44,2026-04-18T02:46:32.854Z,False,False
69e2f079548cb32fabc9e513,C46T6yNjKUBE3N0Yxdbx/H0qSOEXpcByGZdAy0F8na0xjRYv,69e2e5bd6bef73a051b5ed44,2026-04-18T02:46:17.306Z,False,False
69e2f070178e2d43e4ad2b59,potNgxz2p0LbqS0XzozavdxKqs0K3p/R412FGaoPjjw=,69e2e5bd6bef73a051b5ed44,2026-04-18T02:46:08.493Z,False,False
69e2f06b548cb32fabc9e338,gRRZrXvgaOjGa1VRtoqYS8vbb7nKxBhIJMadtjTtSr+1wGU4bfK9LNK/+7NtQpTtRS/Zq5R1yQ6r3YQCpc0JhN6bsyOvxaNc12nMm+7O2e7tE+RpfEEu3sznXaY=,69e2e5bd6bef73a051b5ed44,2026-04-18T02:46:03.182Z,False,False
69e2f05e548cb32fabc9e110,l0IiSA05ou0soPQWlGIeD/zgVWv0I7O6uulR9yTBEp5wtl0ZHT04RQ==,69e2e5bd6bef73a051b5ed44,2026-04-18T02:45:50.844Z,False,False
69e2f04f548cb32fabc9df9e,JfoiFSthKHmkUBOk7+w6T8HJ9Z0VGhMVJVzMuIRJ1lCZl2yOnup5WX2rY4XvrZVdIuJej8gJTM3B24G/,69e2e5bd6bef73a051b5ed44,2026-04-18T02:45:35.97Z,False,False
69e2f04e548cb32fabc9df30,zMu8nhedpHQbm6QiPsZSW9q4CboJW9vceEQMuWdij8cmI0+JRsjrbvOK7Vir8oCHFkm1MQ==,69e2e5bd6bef73a051b5ed44,2026-04-18T02:45:34.089Z,False,False
69e2f040548cb32fabc9dcc8,wSC5B7DhDfgb9o1Z3yKGdATcf5jPi24bf7lTKoWe0s3srIZcgfvHoJqPZpH5IQuRBvQaSKDPb0UVeBbGaM+ZDyDSSm+1zOq6o79G,69e2e5bd6bef73a051b5ed44,2026-04-18T02:45:20.05Z,False,False
69e2f03e548cb32fabc9dcb4,,69e2e5bd6bef73a051b5ed44,2026-04-18T02:45:18.593Z,False,False
69e2f030548cb32fabc9db1b,sGirNU5Z5q9XAYcFUkItqVlk/U//PxE3EW4+mjF+Y+HAG3QSuDA0/g==,69e2e5bd6bef73a051b5ed44,2026-04-18T02:45:04.494Z,False,False
69e2f023548cb32fabc9d936,wWqHRHYiSOic2SAi/6Eja9/RpyHAaySa8Z+G6kFWxg==,69e2e5bd6bef73a051b5ed44,2026-04-18T02:44:51.719Z,False,False
69e2f017178e2d43e4ad2961,QqSFCDFVkIaTAq6i1WCGRplwEb6Arom1wgJcTSZS0UDIWNM=,69e2e5bd6bef73a051b5ed44,2026-04-18T02:44:39.183Z,False,False
69e2f013548cb32fabc9d6cc,AOF2MirjlbSL9l23zDF7BArA5L0oqXdrDrWWBtqEFbxdrf99ZpYbkWMniqbF/ygdneLOdbSJpxf8HDn9qxoHchLcIVyuKTceVUYxpek=,69e2e5bd6bef73a051b5ed44,2026-04-18T02:44:35.726Z,False,False
69e2f010548cb32fabc9d637,lunAYRzTuKM6GZHdwXg2nvNyQz4fM/L7IMb+HGqKr9OGyiG7nEhPQHoufw59KmhTthCBXZWW9cY7RYg=,69e2e5bd6bef73a051b5ed44,2026-04-18T02:44:32.469Z,False,False
69e2f000548cb32fabc9d40b,VgTc1Rj3eEOzen0MamL/McGoek463cGpTNdf9hfP1zSqy+0cF/b35v29/pr/ULE=,69e2e5bd6bef73a051b5ed44,2026-04-18T02:44:16.125Z,False,False
69e2efff178e2d43e4ad28c3,TEFVvuYVs/MAqLQ4eIophqcZSMWJYFOvDLbLvRsN79CZ/cmhEsjWjHYLPlKpNOZHKx6u7MmyqRTSiyfcFBL52GTpgFoSJBRHiDaTlYNTsEoaZYbSc81DTeLb9sj2M0IrG/f4QkfSgV+NzY+xL882bYWdz/qf5ThGTqy7ksgxPGANjPoPFoTvo7Ejj/sUlbMw0w==,69e2e5bd6bef73a051b5ed44,2026-04-18T02:44:15.568Z,False,False
69e2effe548cb32fabc9d3e8,WlxxtU2pGVOg58sa85Ez38Nx7RIWsV46VlY4a7KTyVTz6plViF7srCePsvjjNWFecFkxGf0uuzPDGXKoCA==,69e2e5bd6bef73a051b5ed44,2026-04-18T02:44:14.487Z,False,False
69e2effc548cb32fabc9d35c,UvQK9KPSpZkW6Mg1IZHq1QQ53m2YxbwLEeKEPbcz235avPc=,69e2e5bd6bef73a051b5ed44,2026-04-18T02:44:12.324Z,False,False
69e2efe6548cb32fabc9d117,vDhphvZEW2mToqNg+KOj1yhWObg2NZ5BFcXc+2EXoSK49tbyMYLrM5uysvdywFLG6aV0ITtH,69e2e5bd6bef73a051b5ed44,2026-04-18T02:43:50.717Z,False,False
69e2efe2548cb32fabc9d06a,,69e2e5bd6bef73a051b5ed44,2026-04-18T02:43:46.102Z,False,False
69e2ef62548cb32fabc9bf0a,QxQeI5CEHgBcsaS47L7OeDTUkitc1qauiyGRaT5q515EgX+v93a89vV31hm8Sx3MwRqiuXRrUjUE9ZDjoQ9Bfi3klBpy+JFPRLPaRDhVYOe5VCmPfDWUneIhM1BPsSdzhQE=,69e2e5bd6bef73a051b5ed44,2026-04-18T02:41:38.053Z,False,False
69e2ef23548cb32fabc9b641,FHPtIJmLIr8nufEkqxl4OpkbIyKeMb59nGC9Q+y/f+cTI0w+JjtmS78jOFnEwnjKFdfabcUyonmMYSjrYJPd,69e2e5bd6bef73a051b5ed44,2026-04-18T02:40:35.284Z,False,False
69e2edde548cb32fabc98ba0,tmh04Z0ERnJK1VwTYqBNBrNnhDHczp2wftqB/yJFva7kt2qF9lOIefdFoOW/cvsgyw==,69e2e5bd6bef73a051b5ed44,2026-04-18T02:35:10.451Z,False,False
69e2ed4e548cb32fabc978df,8QwCooR2IC4aIWWCagyMRhBkW06feEwxSajcH/SOHVw=,69e2e5bd6bef73a051b5ed44,2026-04-18T02:32:46.166Z,False,False
69e2ed06548cb32fabc96fea,rrpTY5bzmEsqnABHVHNZJnvWsFnQY36osbDCEu14dDkp,69e2e5bd6bef73a051b5ed44,2026-04-18T02:31:34.327Z,False,False
69e2ecf7548cb32fabc96df4,jPSsoTtzR4V4EgL3CFQp9nFDNZ9m6TMQ9jSefqSCgC0kkqOzUZ4j6oEQLnIWlN7RySMzscFnOWLtrnvCeD73m82E9rhIQk+ySaA=,69e2e5bd6bef73a051b5ed44,2026-04-18T02:31:19.124Z,False,False
69e2eccf548cb32fabc968e5,rthDp7gmaD0FWNnZ+KS1vvcbEhI8TDWuPCzEoKRlDuVVYQ==,69e2e5bd6bef73a051b5ed44,2026-04-18T02:30:39.843Z,False,False
69e2ecc06bef73a051b60537,,69e2e5bd6bef73a051b5ed44,2026-04-18T02:30:24.841Z,False,False
69e2ecc0548cb32fabc96761,6BFok+nb6tAS6oEKJBwx+F/u3sg/p/hD2izS0TcJTXj53TK6718hLesD8Ms/bM0NCGRfyig=,69e2e5bd6bef73a051b5ed44,2026-04-18T02:30:24.647Z,False,False
69e2ecbd548cb32fabc96740,DsmI0aNZNBBT6oS5OILUoJ6+M/paIyr1juxGEImp4n/J6sw+d+x3SjEPnuaFux6l6nc3JLTpyBuBQn5buBlTXsHvQCd0QW5ykz/DCRKLY2Yy6x7IkJQLDDWLqsleytnKC12mW2PQbYHSgHH7rTxwLaY=,69e2e5bd6bef73a051b5ed44,2026-04-18T02:30:21.868Z,False,False
69e2ec92548cb32fabc9626f,XlBETgRZp7xoLvJO+c8TcTH1idO4wMshuNqqtlIEOA==,69e2e5bd6bef73a051b5ed44,2026-04-18T02:29:38.523Z,False,False
69e2ec7a548cb32fabc95eb7,pK20i/IgGbUGLdIo13YwVRxmNJPXy6pah374hBSIz8o=,69e2e5bd6bef73a051b5ed44,2026-04-18T02:29:14.874Z,False,False
69e2ec4e6bef73a051b6034a,3R6GEPgpScclp1dhanj5OK3ueut8pimGjzPfq+QFhy5HR3oDb2XbXw==,69e2e5bd6bef73a051b5ed44,2026-04-18T02:28:30.283Z,False,False
69e2ec40548cb32fabc95820,bk1TdVpdUCMjdVj0/nwIqDXmynMqi9JkasLPZQHkuFj3ppUjzQuvutI75w==,69e2e5bd6bef73a051b5ed44,2026-04-18T02:28:16.633Z,False,False
69e2ec3b548cb32fabc957ae,8NpYkfM/X+e9frdIqmOtce4Yb1vP6RIj9v0RtiSI+UQ=,69e2e5bd6bef73a051b5ed44,2026-04-18T02:28:11.507Z,False,False
69e2ec36548cb32fabc95701,fxykn1ACXc3g87r4WDBZpm1V9XkFg7VY7E5v1TkP4l/zD3wFuhW1+fNP1jOXTyPvhIAOcfYicU/PsKWdfVMVMkvgm2UX9WaCOh4nEBX655KS0mIY/a7S1P5hcGWmWM8i,69e2e5bd6bef73a051b5ed44,2026-04-18T02:28:06.41Z,False,False
69e2ec33548cb32fabc956dc,EdV5FOVOslDrzHO8PPUCCAvG67iqS0arx1x3X3F/pn2l0ZscHV931c+HZvQAkiNk,69e2e5bd6bef73a051b5ed44,2026-04-18T02:28:03.21Z,False,False
69e2ec14548cb32fabc952dc,WsKzyLXL03I00sEk4aWkK17NQ1u/rCEj6QEDFWPMXqPeXN92HCPoiJqa0fZIFFuNGS6FQQ==,69e2e5bd6bef73a051b5ed44,2026-04-18T02:27:32.706Z,False,False
69e2ec12548cb32fabc952a6,MTsqx266QSFkdRyBXrBtLCxSHcwfQ2y2eP/Hazi/oE3litb2UKt2oUwPNbIvzxasxtfSb/UbDQ==,69e2e5bd6bef73a051b5ed44,2026-04-18T02:27:30.297Z,False,False
69e2ec10548cb32fabc9526e,qPcYItZj7pJTim+Sut1Dk/BT1LRk686fiTxB3kMq9rs=,69e2e5bd6bef73a051b5ed44,2026-04-18T02:27:28.049Z,False,False
69e2ec03548cb32fabc950fb,2q+WewqY0dlgJ6oaMRX6Cd2GaJKHCTdKOnnb76NO4ZfmX2e9IqU=,69e2e5bd6bef73a051b5ed44,2026-04-18T02:27:15.556Z,False,False
69e2ebfa548cb32fabc95034,9GSwD17NGi0sU5bFDGYqmCVqEJOqqnqDpLWMIvoo,69e2e5bd6bef73a051b5ed44,2026-04-18T02:27:06.625Z,False,False
69e2ebe8548cb32fabc94db9,wVWjwpX6WtSJdinyV9jGzfBEeoDt8lCnOvY5EqHYjsVmKPBeJVAJylHsB0qoWuzDjaAJAg9TgAifmr5yQy8QQANE5ZdFCQl4,69e2e5bd6bef73a051b5ed44,2026-04-18T02:26:48.801Z,False,False
69e2ebc7548cb32fabc9486c,VpaiYLLcuqi3BmeP4+xbWGsixuFDXZ5lgZqGIzgU3gDCv7gjxosRAw9aOKX2hs3f8Dipgw==,69e2e5bd6bef73a051b5ed44,2026-04-18T02:26:15.296Z,False,False
69e2ebac6bef73a051b600c4,,69e2e5bd6bef73a051b5ed44,2026-04-18T02:25:48.176Z,False,False
69e2eb8c548cb32fabc941c8,FjPPKiDEPEkBoxTHYpRkf5yQwdKVkZmNO7eDWSJ/Zm65LoxzqM808HtF+lhxHu5u,69e2e5bd6bef73a051b5ed44,2026-04-18T02:25:16.211Z,False,False
69e2ea91548cb32fabc92494,,69e2e5bd6bef73a051b5ed44,2026-04-18T02:21:05.036Z,False,False
69e2ea01178e2d43e4ad0bec,,69e2e5bd6bef73a051b5ed44,2026-04-18T02:18:41.694Z,False,False
69e2e9d46bef73a051b5f9bf,,69e2e5bd6bef73a051b5ed44,2026-04-18T02:17:56.377Z,False,False
69e2e93f548cb32fabc8fd0a,AuvGuw2+G5mwC8pGryF/c4r46UxO3sCnruq/uwlG9/u+8QZEqyaj8P/why7ZHhgRfYlAMO5fC9fmBjXazSjz2ewN0Dmh9eiqm0GvaPcIGp5W,69e2e5bd6bef73a051b5ed44,2026-04-18T02:15:27.584Z,False,False
69e2e9396bef73a051b5f780,,69e2e5bd6bef73a051b5ed44,2026-04-18T02:15:21.174Z,False,False
69e2e909548cb32fabc8f584,7SaQXHHSZjbo7L13yAwhpc7iLFclHWya9LP8pat+7A4eIG8V8mdN064+OrbACIoBdCrVi3y4VA2BO7wi2guyluj5BEYKSyKSXXa9CzgZlZTQ4duPA3E21D/MLHaN,69e2e5bd6bef73a051b5ed44,2026-04-18T02:14:33.62Z,False,False
69e2e904548cb32fabc8f537,1xXLLYWtBIUXgaXZ7l3OmLtNPgajDYblEuTwIuh+gvoyrL7Ybjg5Sw==,69e2e5bd6bef73a051b5ed44,2026-04-18T02:14:28.875Z,False,False
69e2e900548cb32fabc8f4d0,uWCyWlmCwcQEsF9fhpKvzi3A13OihSjZUZqTf4SLdcdQfctJwr5Jv01GEWSNmjpe3ksoZxgn,69e2e5bd6bef73a051b5ed44,2026-04-18T02:14:24.979Z,False,False
69e2e8da548cb32fabc8f0e6,9pyu/1Po85xsS9YXykjeNlY+aK20iFQQ5cTgX0DKsCNBqE0J5MThzaL0hPM7DG/BFxMQu1CCEi3T0vmGl++5lZVDt7GuM7Kh2QvzNzL7DlusZTFLcvGRvPKt93TkIYKDCu7MkvDWEr2EU2vQ56knfvA=,69e2e5bd6bef73a051b5ed44,2026-04-18T02:13:46.491Z,False,False
69e2e8cd548cb32fabc8ef1f,zuxTp8J2KCDg84qT/HszeDzjXuyt3VvgCsfCVxtapxh8QL5UR/BDuLtAJWsvPf/SNJqTF73ZZ3VZUpJvVVedv0N5cBP22RFzpYRrlp4j4nxkYyPW,69e2e5bd6bef73a051b5ed44,2026-04-18T02:13:33.708Z,False,False
69e2e8b0548cb32fabc8eb95,lVQXff0FGSHotsoQuQr13Nvii8VjwvOPEgYsnkuEc/lhwoBnnsLvfsPySQuQCIKrMcR9h+b+,69e2e5bd6bef73a051b5ed44,2026-04-18T02:13:04.079Z,False,False
69e2e866548cb32fabc8e29c,hpSXLGfMewN7o+BozeWjaK8T9opi40iV5ujd9wX/5+gyG8hLsKfDgvU2,69e2e5bd6bef73a051b5ed44,2026-04-18T02:11:50.048Z,False,False
69e2e85f548cb32fabc8e1e6,E0dKT5RAo1I3SsBhMqAvegvldUfl7kFSsBTU8wF+SsqqUJNVqVkZj1ui+dbsLGNOP4P1yWibTEyS7w==,69e2e5bd6bef73a051b5ed44,2026-04-18T02:11:43.627Z,False,False
69e2e849548cb32fabc8def8,cCkmaq5KJr5tT6vaeg+YEZlVNbQdQ5cN/PDAL3hFzUbkjA1z7Djl50uFH5/XKlydPdneJTUI15ponDdk,69e2e5bd6bef73a051b5ed44,2026-04-18T02:11:21.044Z,False,False
69e2e843548cb32fabc8de78,,69e2e5bd6bef73a051b5ed44,2026-04-18T02:11:15.884Z,False,False
69e2e83e548cb32fabc8de22,qZ/C/AGl0ZsGtteOQ05G6Hbzkvszt69GfOL/LP9a23imj/OwC44uPk9WShFw,69e2e5bd6bef73a051b5ed44,2026-04-18T02:11:10.329Z,False,False
69e2e839548cb32fabc8dd8f,gMSfQqO8Y+KIVJwmjy929Msyio/doVw7Gs6O86c6g76CCHzHFh7P2o0j766b6A/rEqlDO/8=,69e2e5bd6bef73a051b5ed44,2026-04-18T02:11:05.429Z,False,False
69e2e800548cb32fabc8d7fb,qmMd0StXvXIqb4vDxVDp69MuRLo7Sabbtc+DSh7a8CM=,69e2e5bd6bef73a051b5ed44,2026-04-18T02:10:08.59Z,False,False
69e2e7ff548cb32fabc8d7e0,G/KP7tG97zPEC5N74VIHcH9x0ytRVDyAZsoLGgn1PV4AV25PJeWsePKNmKYk4/Y8zRyAp94kuT6JZ6jSlCHg,69e2e5bd6bef73a051b5ed44,2026-04-18T02:10:07.434Z,False,False
69e2e7f7548cb32fabc8d723,K706pfuPdF3YZk2ahl9oWZGD/AQjHVJfiRqtwvXkObJ98edn3RfsYH8aY7Gp6UtYMsJweOppdjIU9CfOoHlmJXhY7/KJzeC7/b6A,69e2e5bd6bef73a051b5ed44,2026-04-18T02:09:59.97Z,False,False
69e2e7e2548cb32fabc8d517,ljxY4EzF4P208l+IdHxBcceaCw40SD1m9R0fCKeNDPpgL128UtSWjSk4dQhFRNx2PjD6Ecq7GE1XVozsJXLD,69e2e5bd6bef73a051b5ed44,2026-04-18T02:09:38.706Z,False,False
69e2e7c8548cb32fabc8d1c3,,69e2e5bd6bef73a051b5ed44,2026-04-18T02:09:12.617Z,False,False
69e2e7b7548cb32fabc8cff4,AjC7M0b6spT9ABllnL5PfEvFzZWeopkk4I+entg=,69e2e5bd6bef73a051b5ed44,2026-04-18T02:08:55.136Z,False,False
69e2e79b548cb32fabc8cd36,CPzX/ZMhZPFrmnT5NM0EBtfldqO4l5MBOvr/pFI=,69e2e5bd6bef73a051b5ed44,2026-04-18T02:08:27.926Z,False,False
69e2e76f548cb32fabc8c743,s8ilvFLGJ6gENhu8Fodmh1K1et4dSw4jqxTMV9y5MGg/xfDmhBthpE1oDNdwGMIO7bX2sKz6lsJhWx8qu4PGBwoVP7THn1KVKz9c8bQBEN0ZoI02ZGl2OBEQ3QQ=,69e2e5bd6bef73a051b5ed44,2026-04-18T02:07:43.126Z,False,False
69e2e76e178e2d43e4ad0291,kvh5ywcBTDoSIpniQ8/YqbLb3OqYXAsVqmErQHm91nkbXn7hRwHb+eQ=,69e2e5bd6bef73a051b5ed44,2026-04-18T02:07:42.634Z,False,False
69e2e74d548cb32fabc8c3b7,3nuoaC/j6ADyCPcuokSMaDe7Ku3skVYQJbTHHGpKO54A,69e2e5bd6bef73a051b5ed44,2026-04-18T02:07:09.389Z,False,False
69e2e746178e2d43e4ad0207,pamOuVwA8BudB5o5aOElhFxCz9W5ggKyGh89RexznprM,69e2e5bd6bef73a051b5ed44,2026-04-18T02:07:02.581Z,False,False
69e2e738548cb32fabc8c1ab,d8kGlnDPFWikzPype/VToUztFqpcIsWAoS5ZiooCKGrbQowsloerAy8=,69e2e5bd6bef73a051b5ed44,2026-04-18T02:06:48.726Z,False,False
69e2e7296bef73a051b5f1af,,69e2e5bd6bef73a051b5ed44,2026-04-18T02:06:33.761Z,False,False
69e2e6eb548cb32fabc8b960,WafiyxsWkG9tpA/STMbqrRRO5k/4tMNWiAAFDBLMmco=,69e2e5bd6bef73a051b5ed44,2026-04-18T02:05:31.393Z,False,False
69e2e6b86bef73a051b5f086,j8rrxszHefxDQdahb+lANN2UvH2jvluEpAvt7miRotOj7sZ3zSHLrw==,69e2e5bd6bef73a051b5ed44,2026-04-18T02:04:40.37Z,False,False
69e2e69e548cb32fabc8b17f,AeDOpCCM0EOwqJ/QA8TTKcYp3bXuWAAC46BDcj4n,69e2e5bd6bef73a051b5ed44,2026-04-18T02:04:14.916Z,False,False
69e2e6986bef73a051b5f01d,,69e2e5bd6bef73a051b5ed44,2026-04-18T02:04:08.292Z,False,False
69e2e6986bef73a051b5f01b,,69e2e5bd6bef73a051b5ed44,2026-04-18T02:04:08.262Z,False,False
69e2e6516bef73a051b5ef3e,R2rM5/lWYBq/f4e6htdAa+1qO809FP5M5qrEIahUaGXXCRNtfekZNQ==,69e2e5bd6bef73a051b5ed44,2026-04-18T02:02:57Z,False,False
69e2e5f86bef73a051b5ee13,,69e2e5bd6bef73a051b5ed44,2026-04-18T02:01:28.796Z,False,False
69e2e5f76bef73a051b5ee0d,,69e2e5bd6bef73a051b5ed44,2026-04-18T02:01:27.049Z,False,False
69e2e5f56bef73a051b5edfe,,69e2e5bd6bef73a051b5ed44,2026-04-18T02:01:25.329Z,False,False
69e2e5f36bef73a051b5edfc,,69e2e5bd6bef73a051b5ed44,2026-04-18T02:01:23.787Z,False,False
69e2e5bd6bef73a051b5ed45,,69e2e5bd6bef73a051b5ed44,2026-04-18T02:00:29.829Z,False,False
69d3cfd41693fb14f55bb618,s9/JgRYzaHqW7+m4sCngS5ADofZ/YfXXiaOgcN9xV9h1,69ce3148edee9f8930b5dd52,2026-04-06T15:23:00.753Z,False,False
69d367c71693fb14f5456921,zb7FviYpnCqcwdZE4dUPKQQ5KN7X6Y1prNHYwjbfzvRUD9CbsD+2ZOS5X64=,69ce3147edee9f8930b5dd21,2026-04-06T07:59:03.186Z,False,False
69d124a8a20d5ce949fe757f,oRz01Uf8X0RnyPxJALUs/OgKDufa/oVHPYm8JJn52+PLh8LmxyNATzXYTOQJwslrnPPuu4Gmuh2ta2Jh6dAizMvQPAomWizKd5Oy,699c83b3aba080d55c5c198c,2026-04-04T14:48:08.657Z,False,False
69d0f896a20d5ce949e4cc95,9HXX0xCHdT4Z472xuM2GW53egF8K72BAhaaVwny7ZQ6bgW7tbl8PKRFrKc4=,699c83b3aba080d55c5c198c,2026-04-04T11:40:06.811Z,False,True
69d0f896a20d5ce949e4cc74,D2K0v9FLlPNMDeQShdASpnhj6E/KUq5Nl9RW7yO7uKdfrPrMJsSesVzv2eE=,699c83b3aba080d55c5c198c,2026-04-04T11:40:06.31Z,False,True
69d0f896a20d5ce949e4cc75,764liRzR7EAZjgaEozj8Gx68kpb9zKrDakBoq04ER0ukAEriW8RkpY4lauM=,699c83b3aba080d55c5c198c,2026-04-04T11:40:06.31Z,False,True
69d0f5c4c0208a0c2596788f,yIFrbTlXiNsSyIrs/QrsaUVH/WqLDi6YNaJ5aBk80QATT9SEgh2xJUyIDlQ=,69ce3147edee9f8930b5dd21,2026-04-04T11:28:04.826Z,False,False
69d0eaed856317d4e616f4db,fGIfSbQyu4tLoTXLS+vhgU47vdDQLVzKtN4lAjKEgU/ADVftCjM3mbiR4I0=,69ce3147edee9f8930b5dd21,2026-04-04T10:41:49.306Z,False,False
69d0e74b856317d4e61621d2,FWr08WWgYrQcshEqAjT76WMA72s1Z2H18t80l+B7Hqvtt9l6j92HZ/eyQk0=,69ce3147edee9f8930b5dd21,2026-04-04T10:26:19.807Z,False,False
69d0e6c6856317d4e6160389,4S+fmPrUBRjs5xWV9G+QJ6s+Q6kqa/tRCM5u66OJ4J5977n10jFl+SNzg0I=,69ce3147edee9f8930b5dd21,2026-04-04T10:24:06.805Z,False,False
69d0e66e856317d4e615eeab,GPfmCxa0W3Qd0eaTMrUt+Cw866YSxVZJyG0OC9/sj78=,69ce3147edee9f8930b5dd21,2026-04-04T10:22:38.601Z,False,True
69d0e62a856317d4e615e023,ncq4TV4KytI76LTeTmIPqxiNtRyb//3BHcfvNJRGTppKbDiZUnplw/ffeQ==,69ce3147edee9f8930b5dd21,2026-04-04T10:21:30.048Z,False,False
69d0e615856317d4e615db51,oIyIHfe6l5ALh1sVu1KMizbzKwcG17iIGTEOeibtzoBWV8xj,69ce3147edee9f8930b5dd21,2026-04-04T10:21:09.888Z,False,False
69cfb3bbb934edf54b09a622,xjVSQrgMvAipsbTI33r0YzzwMxBAxH1kBp0X7GJD1q0Wrf5P2QvgBpBPGKZ6zvqQSoRjow==,699c83b3aba080d55c5c198c,2026-04-03T12:34:03.628Z,False,False
69cfb3adb934edf54b09a311,nARVaSd95kovf68zHDqz+yLBHTQcFCuGXvsfvMrFsO34i2oZHjn/37umBY5Kj+9CZQbi8mYj/N6mhw==,699c83b3aba080d55c5c198c,2026-04-03T12:33:49.375Z,False,False
69cfaca12e087357d16a91de,TmnIdoJY+MFAo91ypnGv5uKBhA1uiSV9p9lc8sxYS1GGDGJa1H1QduZhvVxz6ZgCkUow08oMIQ==,699c83b3aba080d55c5c198c,2026-04-03T12:03:45.425Z,False,True
69cfac852e087357d16a8d7b,K4BEhB6OReJ+PvnP13L6NdEQitZWnlKMMumk1k5wcYT61Zxr2ouvkx2mcVTq9TGYytKLUhKjIN8M4eiguznooLr/FJ1jAz9CCJ0H,699c83b3aba080d55c5c198c,2026-04-03T12:03:17.659Z,False,True
69cfac712e087357d16a89f5,Vi3ZupLTHL4tUIryDX2SnPEJSWaJq5hy7qB0gQoit7G1RfMt+IHoZTsMnxJKfivfQ6HdAtx3ke6L61CXOGhkPgA99TI/7+t6u1c/ByENeCak7wJykd4S1j+TNX9J2B8WqCC12H7QEXo+EckQeO3rpVcnpaDuHcRg2g7PT5lykJbULsMh6yWnta9R8Q==,699c83b3aba080d55c5c198c,2026-04-03T12:02:57.049Z,False,True
69cfab3a2e087357d16a5376,wGbtgbRxN3s7DQ6HuZfdDtTo43YZOgeBVL+5qRXOT4a2/qZUsaBKN4sKDQw=,699c83b3aba080d55c5c198c,2026-04-03T11:57:46.08Z,False,False
69cf53512e087357d158b0de,s+CcGvXtgWsMdUShgEfT9p87e9vq1+b8m2LnTQUlEyNmEqWkpXao/Io3EsoNKnvT3w==,699c83b3aba080d55c5c198c,2026-04-03T05:42:41.548Z,False,False
69cf53402e087357d158ad0d,Ssu8ro54IBkoe6DX0qkaKBKVDi6iEFmpbHkDcoGJwpLb9qDyhbNF6Dfu204=,699c83b3aba080d55c5c198c,2026-04-03T05:42:24.584Z,False,False
69cf4a6d2e087357d156e5d1,O+JAWBHfKKYcEVMNEYfVNouwCGE8fzPwLW8xw/xFgirEWqZA8jLforRSjttv9/X50J+7pmbh3g==,699c83b3aba080d55c5c198c,2026-04-03T05:04:45.718Z,False,True
69cf4a622e087357d156e323,J+jbC6FYSFzhOZ72Lc7vSQx08QO7jo414E/6k72rVTnBpd78ei0tyfBvPA==,699c83b3aba080d55c5c198c,2026-04-03T05:04:34.532Z,False,True
69cf48632e087357d15681af,cdPPoMu1s4+tROhSuhCopdm8YzY1x9RkztXatRLM069RpjPT,699c83b3aba080d55c5c198c,2026-04-03T04:56:03.863Z,False,False
69cf2c442e087357d151c6a3,mSdw22QGHxQe7ocWlJrzy7EYpxpR0o4HRPRn0UCYew+CjMGOZqHh+nqOgDE=,699c83b3aba080d55c5c198c,2026-04-03T02:56:04.58Z,False,True
69c12043f80639bcc91f4ed6,WWa858+KYpWIOmPNlMiUEoWBJOxdefHCznQChzPH,69c11f06f80639bcc91f2201,2026-03-23T11:13:07.343Z,False,False
69bec5c1ce5629d5359cad38,72b21jRBuVmEyUmvhxqa3O+phCP3pnuyDBE4ahe6OzeU8MCuQ0R7sD7dczo=,69be4dd7747901918e83569c,2026-03-21T16:22:25.97Z,False,False
69bcd18e2501c40dd1c95d17,ZyoPyK6u3OY/G9uYuvaBA0p/0qLAQetvQuhqOIj1TXKrCY+6St3624LxbqpDaWn3EuN3MJvjuzp9yOLll1Q7/4mChD+LW28Ytvn4JiBLlZ+asPtb,699c257f740be46a87bc41b6,2026-03-20T04:48:14.491Z,False,False
69bcd1502501c40dd1c955cf,6Xr8bGtxh62dtoybEsxSMdgIMN6RTQ4CYpQyCs3nqed5FGgdMQftLmHdxrE=,699c257f740be46a87bc41b6,2026-03-20T04:47:12.909Z,False,False
69bcd1232501c40dd1c950a5,9bJSail3aHXdsdDadTGkmVHdt6Ukf9WDZwff5lctRZxC8qcncyMbjs13Jbw=,699c257f740be46a87bc41b6,2026-03-20T04:46:27.891Z,False,False
69bbc5bcfb1027b76f3723a1,hm9a2LAMD1H+/VFNO2vGwT+bjsA8qHbu35yT2STcrCAxZ8Zv6Zg/ZEn0wHKJb8zsE6BS1XrMMmbl6L30twHN73awyjFHroam67xX7gMk+/DVACtClTiw609D,699c257f740be46a87bc41b6,2026-03-19T09:45:32.593Z,False,True
69bb9261fb1027b76f3056ff,3sfhIx/VSu/sZFiyYXsgDnPzjTzcJsY/aTSM4pB6bBGl6lj8LUH5cX1zgEMsr9L1VhVChMUoBZFpHQ==,699c257f740be46a87bc41b6,2026-03-19T06:06:25.937Z,False,False
69b82440d42d3a4f42cd5d91,hFEHceC+Eol6dUPYdt16iRVV9Nll5nf33t2un6ObVhJXsgUrCKkL5SU9ftM=,69a02b8f8d487c0f73624286,2026-03-16T15:39:44.02Z,False,False
69b6721f99910d24c8209d45,q9jMpAUl2/gfeibsoUxRa9N/isnii8pTj49nucAjMef1,69ae99cb3c92e6d4d38206c4,2026-03-15T08:47:27.89Z,False,True
69b6721899910d24c8209c92,HWeYt3K0OIXNaCjvM9EZjvuIpJfTHg8tWAXleKAk,69ae99cb3c92e6d4d38206c4,2026-03-15T08:47:20.938Z,False,True
69b63ff899910d24c819fb01,DDSLnyDKxyhmmTZoJSPIec9PVuWrtRwo0VAteMZBk2qV3Ml0fbc8xspEw5Rn31m7cTtIV0oQ5NYs/J5XXaodE6dtkH0fs9V1/927ffVHqHY=,69b59d3e99910d24c80e861c,2026-03-15T05:13:28.276Z,False,False
69b63fd699910d24c819f689,LUCpOX2Maolm32ekSvye6urTd0Gpirj8blrc30tLlOdWIdxn1A==,69b59d3e99910d24c80e861c,2026-03-15T05:12:54.567Z,False,False
69b59d6899910d24c80e8e7d,J9TTZGT+sETTU4Vqbf/hzyXwZSSl9++kRo5orqjKJc4XXsDFnmtujTXFwhvRSSOwuTi8Rjg=,69b59d3e99910d24c80e861c,2026-03-14T17:39:52.446Z,False,True
69b3b383ce6ab8c04c6b2f87,gQvmRZjrneAAxuIqDRx0sw11Zw9VHMWilIk3KGTP9ZU=,69ae99cb3c92e6d4d38206c4,2026-03-13T06:49:39.934Z,False,False
69b3b381ce6ab8c04c6b2f1f,+c38lY3I+ppHVenMuPtRG5W/fQMAps3i8X9x6jB+zYHMNVIL+ojYnxInQV5Dig==,69ae99cb3c92e6d4d38206c4,2026-03-13T06:49:37.795Z,False,False
69b3b372ce6ab8c04c6b2d16,tYvF521N4HCKrfaYzrzGsff9iKYTZ4cfC+L6cNO93qmscroBMAoPK/EP3G5ZnFwSm5BKT4bKZhG6XoeaKfcEsv+Onn0y,69ae99cb3c92e6d4d38206c4,2026-03-13T06:49:22.617Z,False,True
69b3b358ce6ab8c04c6b2a65,awHHIw5RndT5xtS4eL9PTZUb8F6v02/wb3XP5g1ipgAR8HOUJdtwGmJpJ7+SK/TXW+t5EhfpjasFdBr8lFttxHeM74/pqrzm,69ae99cb3c92e6d4d38206c4,2026-03-13T06:48:56.699Z,False,True
69b3b306ce6ab8c04c6b1fd5,DmhPhrLOD5NeSKmt1zwTUl4uSBkv2bEajNF7giMJyO5/DdBrfucbxjQ+9KhwjDo=,69ae99cb3c92e6d4d38206c4,2026-03-13T06:47:34.677Z,False,False
69b100eca5fb9451f9e2aa83,ZkxUxjZZ7sZC8Qzc7kaD0wWrC8LpVFbNSAdUeZC9FmIy4A==,69af8ee006f56d0151a19d47,2026-03-11T05:43:08.328Z,False,False
69aff4d2f699d5c3df93c6c9,y+WReCEGt8MuURgjA6JiKHU4unUpIQvmtew+oe6oTTyWyd0LKXUJfHsIEf6P1O4S+7EPnEeeqJpjanvL,69af8ee006f56d0151a19d47,2026-03-10T10:39:14.316Z,False,True
69aff4bcf699d5c3df93c533,+vSX1cVijmyFyXmdd+OgNu63HTBoq0abfsmPMO/5PDaVzZSHPondJvwiQJEfybgnp4Mt8CFis4twqsxEvIXNN9kwRpb2aqHZ5BFpyg4kTQe8DmgQrf3RHM9j5MjatrKL9ebu2UyxkatgiXr/tFA/QXRd5Hl7WcJUNmrM3VF0jQsZ731GBQSsLKTUw51MxQTpmaw=,69af8ee006f56d0151a19d47,2026-03-10T10:38:52.907Z,False,True
69aff48bf699d5c3df93bfa2,l0qJtgz3FTJMp93/dN3Ry/mr/IwavFuC6dA7gejSbkw/hIM0B2Q1EkQxSKlCx+THDvV5kGhSWsrVINfGQp+UmNrFjFd6fRNJeOlFpgNfPDBxiqRap4WM,69af8ee006f56d0151a19d47,2026-03-10T10:38:03.505Z,False,True
69afbb0506f56d0151a59625,LSj0FEGbGmWHRfryNeBTj05CRlVRxkJC2Uf2/fjQKcjpPDt7cw==,69af8ee006f56d0151a19d47,2026-03-10T06:32:37.602Z,False,False
69afbafd06f56d0151a5955a,jd1ngf1BnqOZFOrz7BZsT9MhI2sfFmJ3asE872NLfpz9a5VrimxjGpbtdunOrYngBmoRBIbubrmEvqtgAE6Fsrj+zpMv/C4eZiI0cKOIvE1I7faz998Gw1I2TytA24fzRc1+cgyC23Zy2xEHhEXszoke/25rzgEYfeAWtg8IwBp5tzvIRcn+HNCS3v9EuieVdsmy+wyDd0XTJOnE2zK3vDi7EPbwczLgD7z8S1BF4Xcz6P1034VCsuySLaGFn8/mg3zCfBDe41OEVcdQYnjs+TJ5OFunV3Pzz1bcsurWIw1fmSA9smQt0t49jM1ujqzn6cO/KIWcPDCy+P0ZRpnaYRItsx7Qw+2A,69af8ee006f56d0151a19d47,2026-03-10T06:32:29.413Z,False,False
69afb39c06f56d0151a4db5b,5U4ACy1fETst4eeZRsh4RhAYQODUz5hcFFy2H5CMFg==,69af8ee006f56d0151a19d47,2026-03-10T06:01:00.084Z,False,True
69afb39106f56d0151a4da98,f1lAq/XQG1LJVTIkFb4ZEdECUdmi+IXJqyngT3NXKYH4uUScigk3U/KeokcIpjNe2Tg4Mhov+yxX/a4uWxGO5mxZKd6lo1Z8kMvTHhM7wV1MIaKLiOf8w1CFEixniaXa7SMZe86UQNUIY9/MPtPdJ5pxojfGykqwzksVRpUCzQGiwhQNW/UpIz2z3e4x5u/j1W8SPscGW4NqniqJNgXWV2XzG42Au1TDDfmKAWKDMkIhDNbLKL33rdkRACvQR5DIbrK3qpjvyqQwEi7KbuFcLCVga7qGK1Sa6oCiu1BbvrdvEjn4CcTztHl6dp8yy6tdeEP0h58Em2fxTHHF73CH860xJafePrey3hWuWY7Jx1g=,69af8ee006f56d0151a19d47,2026-03-10T06:00:49.819Z,False,True
69af996906f56d0151a27522,waovEy9Iw1xTYovOQKSlxDWz0SX0r2J6oMlQi8en3dRhQaNrnpjUU0z3fS/bOBfhcWvUTfSsHpQlTeGn,69af8ee006f56d0151a19d47,2026-03-10T04:09:13.677Z,False,False
69af970406f56d0151a240d9,D2KMFz6kqnTmBJ1t9/y+b19VfoiW1nK6r2zemE1cSikOdedQQA4ly7LU,69af8ee006f56d0151a19d47,2026-03-10T03:59:00.619Z,False,False
69af96f906f56d0151a23fdf,AAwOTNikUa71wxBVahSk+pyrKKvHhipSDp3ZVJF3kbad9XdpB1NUX05WvG10SEWXxbAp2pnvO4yMBpA=,69af8ee006f56d0151a19d47,2026-03-10T03:58:49.06Z,False,False
69af936906f56d0151a1f55d,KZCDPoDiLDmeFjRSrV8s5dwcgjEnhKRaTJCoBKO5Md6talHoUZyRXDzAIohFdTlDHBZXtC0oTOPd5lN2LGvb0FLxgy58k71wvevrE/inbZu/WuF7BEdxilqt9cmhoYCFG5/XZ0AnRncI4o1pi4BfV5rn0NWel81WqlaezchV,69af8ee006f56d0151a19d47,2026-03-10T03:43:37.477Z,False,True
69af933b06f56d0151a1f150,HrSH9jkRQ6+s3edhq47j5iDr1RKZbjQ9X1++33lidJznUpVzugNxryCYbVkE0IsWNsqBmYyIsnDwhVtiS60GiQJrH3J190LcgVDWNWkvXtoRRMELhBGLrTis9Q==,69af8ee006f56d0151a19d47,2026-03-10T03:42:51.284Z,False,True
69af931306f56d0151a1ed73,3s+RQXip0mycctNMIJQ4TCV+Qt9ni55+uM7NTak7KSgqrZIp+w4=,69af8ee006f56d0151a19d47,2026-03-10T03:42:11.894Z,False,False
69af924506f56d0151a1dc9f,2nv4ZfJ9cf0azb3rQ5pNcByagLPJHlFeICUVjAxmA/EnZxXpaM6Dqxxe6xYHTCi27LLT0XtRHmw1+ZfsmniyGQ==,69af8ee006f56d0151a19d47,2026-03-10T03:38:45.001Z,False,False
69af920306f56d0151a1d876,hKEez6jZB2Jkhy5s6w3TrQ+fWQXHQXyZ2AoXHOhLgKo=,69af8ee006f56d0151a19d47,2026-03-10T03:37:39.743Z,False,True
69af920006f56d0151a1d850,eHpvIBiTlXv5SBAIKAReA4HyhEf29Bxkx/VTcN8lriiXXrXklfzlQpnY5oClo+fOqXVVn4aqQ/HAmG2tHNW+FYyCpRLWWspEbojZiGKdgLwW/gj/ShRuMw==,69af8ee006f56d0151a19d47,2026-03-10T03:37:36.426Z,False,True
69af91fa06f56d0151a1d7df,im7DQWrbSTeBUusoKYqxAE2ouDm47sMu749+WRBjPlvnqIwPf93GKmKX+g==,69af8ee006f56d0151a19d47,2026-03-10T03:37:30.167Z,False,False
69af91e606f56d0151a1d5de,Eh1J57T4Y/ru0Zsb/KzfH5n0WgyQtIhORAH+QXtzQz97jMTfYBsZ/uONRXKqxQo7z0EdBmAgiTRV62QzOGLU,69af8ee006f56d0151a19d47,2026-03-10T03:37:10.476Z,False,False
69af91cf06f56d0151a1d3f8,w8eAZ+Xdn6LbwFJZVLUoS+b34DNBpgYYgEFK+Sliw07fFUfKRdXRdlVGK71XCQdWKKmaOQ==,69af8ee006f56d0151a19d47,2026-03-10T03:36:47.474Z,False,True
69af91bb06f56d0151a1d271,1Ign3bvn2mGwmECGz+4Y+ro8IpAA+TYPgsURj024rbunxwCfnjnnj/E81Dhc25wC+E3lGRxOzjUL6PUvbFJJ4axFBzljrJmAr8SJadOjbg8HvxqdeWozWE/s4xFXXcADLOKH+WZaX30f1g==,69af8ee006f56d0151a19d47,2026-03-10T03:36:27.601Z,False,False
69af90b106f56d0151a1bf1a,/dSIStoGezXqGGbcP3/EsHK+imODGoRodGzVWPJbJnYpQ+hKZsDsjDHmxiLd3s573pJQRejz6Iq5jPaImOoXYbkUcqS4bdF6AJ8EfKM=,69af8ee006f56d0151a19d47,2026-03-10T03:32:01.481Z,False,True
69af908006f56d0151a1bc12,6nL+MXvQU4PMVuMLiLcS3tJZX+HcBktMwmoDoWO400IhUehO7+0m7OG3Cz+zG/yKPao8YkTfRDVMWm5rylTLrOqlFPWsGpQH3K8+ES+UtS38FZcM,69af8ee006f56d0151a19d47,2026-03-10T03:31:12.705Z,False,True
69af905b06f56d0151a1b8e0,vISEm1eHI+o2GE21aGyYSZTtJ5IJ7HMc3JcWLx2/JpX1vv4v0wuvSvjTU5Hss8mk,69af8ee006f56d0151a19d47,2026-03-10T03:30:35.149Z,False,False
69af905206f56d0151a1b857,WnUyxZGFnhz6jJ3RH4s9zFcr2SoI3hm/7ic8dfYBS1q0MA==,69af8ee006f56d0151a19d47,2026-03-10T03:30:26.78Z,False,False
69af8f6d06f56d0151a1a818,7W3S2Ng+iT727kXlfM9TdPNRcV5KEVpfmFbtCXl42QeTy6nWhicwO9l8Fley2/oJu+32uJpGzqz4svurRJ0XdPXZYaY9jHi745eT,69af8ee006f56d0151a19d47,2026-03-10T03:26:37.794Z,False,True
69af8f5306f56d0151a1a60c,uUPmJaIc3MhYOWqff4J1wwOaxj1bT8QUH9oZcKe99m5Kd9J4Vn/M4iU=,69af8ee006f56d0151a19d47,2026-03-10T03:26:11.268Z,False,False
69af8f3506f56d0151a1a3aa,tCBzJKNVhZibTAPiE1Lka9iR3iCH0ouZwr+/Y8rpoTU=,69af8ee006f56d0151a19d47,2026-03-10T03:25:41.843Z,False,False
69af8f1306f56d0151a1a103,La1uzAcQq2cEWHA+gTJAXQMgBgY34BCbywnZ2nSJ4hSLKSpBBiDJ,69af8ee006f56d0151a19d47,2026-03-10T03:25:07.632Z,False,True
69af8f0906f56d0151a1a047,XUR9Jtaqbu408bwIxYXVlx+09k8ATpyClkfxhRCC,69af8ee006f56d0151a19d47,2026-03-10T03:24:57.964Z,False,True
69af8ef706f56d0151a19ef9,Ijp/aDSSopgAL1haUHErcG+SwiJiMDNMmMVl3WYAaw==,69af8ee006f56d0151a19d47,2026-03-10T03:24:39.986Z,False,False
69ae9abe3c92e6d4d3821f38,v7W4QXh9K5/9+BBSNVo/+0Rs25jAnh/HJmAATpjdX/QVzlr/l2YUmi5QfT21Ym1ReyaOQT72tw8Mq4wh9vQJQ62WsB3hIob9sT6coWwhI5dGnIQG15DL93Qz,69ae99cb3c92e6d4d38206c4,2026-03-09T10:02:38.383Z,False,False
69ae9aac3c92e6d4d3821dc7,GP2yYSUdfo1L3jCfiaSg+H3wv0Rdf3MVEhaEhiVsec9dR/+rsqUMHEeX6awaa2Fj0OVj+A6locJjPzfdYd2h,69ae99cb3c92e6d4d38206c4,2026-03-09T10:02:20.222Z,False,False
69ae9a8f3c92e6d4d3821848,Rl28P2D4L/1SVmfzigib9r2DGvASga6c8QimSn5BQSzkLtSMPVKNOTecrmFKp8W1NqEb8BRq2oDbCl6psvL8EQ07JSywO/YlPA==,69ae99cb3c92e6d4d38206c4,2026-03-09T10:01:51.966Z,False,True
69ae9a853c92e6d4d3821728,m5qZBIXYEm9rxSjmDj49h/1Kb9ORW/TWKDdg5gWu0bnpo2uFTuXmaEWdCYv/E5Oo68J+pR50eRgqpyP4ieuPKROjY1B93eA=,69ae99cb3c92e6d4d38206c4,2026-03-09T10:01:41.719Z,False,True
69ae9a703c92e6d4d3821566,f/2DeVt+wMGzG/DsOeCkbFLCizewoDXqvcLtcNC1JNzjbwyewFFFdJnQHSVGQwsW,69ae99cb3c92e6d4d38206c4,2026-03-09T10:01:20.813Z,False,False
69a16432241f64ab55cc2f6f,nhvQ4bXirU1lxI/klwMTqXYLMDwdbo3DMOhz78rgZaUbQY/SafigHsx67IQnx+2YO8xQouA2YdTttjC4C6E2PwBDLA==,699c257f740be46a87bc41b6,2026-02-27T09:30:26.651Z,False,True
699e6dd66a2587eff0e93bc4,2KPXv7vfZu4fxKHXJZJexSDFh6lcx3i/CrwYNS0z05yEeEKn7i+oRV5bz49UDrmZ087c,699c257f740be46a87bc41b6,2026-02-25T03:34:46.639Z,False,False
699e63046a2587eff0e89047,QWojQpWG9fZrDf+gcc/7K6lFbQaiHLn6uBfbpbUpxQOW,699c257f740be46a87bc41b6,2026-02-25T02:48:36.688Z,False,False
699e255729eae7f294539e12,dn0R65iIz2k05ev6NZYZqyA2gp8QlXw9Ex0Xfl80BburH2WE+mxmlAk/Sg==,699c257f740be46a87bc41b6,2026-02-24T22:25:27.041Z,False,True
699dd252da202125345f9b76,kMBvkIPUpCkSkclUt+w9vmuQhMtnHnw5RtnLjG/UvuFHWLqkY2wMmvgGfL9Yla0evJlIDXUmS6o=,699c257f740be46a87bc41b6,2026-02-24T16:31:14.012Z,False,False
699dd23bda202125345f989f,XUcR2mvs0iSAZo314dCYeBKVcTn3m0GK2huJzZRU,699c257f740be46a87bc41b6,2026-02-24T16:30:51.439Z,False,False
699d047290979138bc63941a,MW232Q7lACxSuvnEn8MaIQWVx9CiNd2S5AMENZKBvSBr8ibTQZ6cyS/4tduQf8aOz4jATf8Y3UBXkfIW,699c257f740be46a87bc41b6,2026-02-24T01:52:50.073Z,False,False
699d046b90979138bc6393d5,d+1dIseU9VGaDm5Yurt7LHnzunNbMNIed18NVUPXKKGnNO/LuR1CVf9rDA==,699c257f740be46a87bc41b6,2026-02-24T01:52:43.638Z,False,False
699c67e1740be46a87c2319d,5MJUi/m2Jo1FdLUgaybXyaiN20dGVnCctTQX0LhG2Dea2lNzGWZvTjIHjqcPCZBKTy81iA84x0oLusnUrS6x+B/yzA3lZfK65qCmdlyXIc+e,699c257f740be46a87bc41b6,2026-02-23T14:44:49.674Z,False,True
699c662d740be46a87c20ba8,Jwinw2TD8PbYRN4YV1PVb7SJcFPaW45ESkYZzy6w5/O3kKkCaNPEs9bG0ApK7pgWVQ04Cbv6Eg==,699c257f740be46a87bc41b6,2026-02-23T14:37:33.478Z,False,False
699c6626740be46a87c20b19,wScXGFSktrJbHMiN8PHWQxACUJB/NMCUnlgWZH/bXyXtBczTKp2K41TJsw==,699c257f740be46a87bc41b6,2026-02-23T14:37:26.969Z,False,True
699c6621740be46a87c20a79,6ydw382BMGiLnu5NGM4PbU6Ep1u7NdSMlgUZ5sA1pg676voaLFqDWhtcYkW4ZLterqgkU4w=,699c257f740be46a87bc41b6,2026-02-23T14:37:21.03Z,False,False
699c6614740be46a87c20988,Om8s1Fy8tDhBJU0d8+r5/QDqzRifmrdbkB/hU/DgHYHEzH8W,699c257f740be46a87bc41b6,2026-02-23T14:37:08.285Z,False,False
699c65c3740be46a87c20224,wbAgL83P6vlWMNm7dhRVvIzd5wdJeHHCqLkkQ3PUTh8XjHSgJokXU8w7JldlycmFZb7zLgxxsNdaN6Qt/mcjBF/NOsbbt9kLlpwRU1reuOtdRsuYMdza6Fad,699c257f740be46a87bc41b6,2026-02-23T14:35:47.132Z,False,True
699c628f740be46a87c1b41d,O/5z2nAo6VLNAEo4/W8rb7/rB3Ox8CySd6s1bNq0FJDAHSRl,699c257f740be46a87bc41b6,2026-02-23T14:22:07.407Z,False,False
699c628a740be46a87c1b3b8,hBqiGKTa+i4Hmf3PqtG5oLImTwdEOIO4LvOodH90bEdn59udXBBrZjQD4WmkW5Cr,699c257f740be46a87bc41b6,2026-02-23T14:22:02.263Z,False,False
699c3b9b740be46a87be1901,GZ7Utcicc2j7qaVbPybOBhAvPy78nPEvzrO2nhidyvRgOj1Iew/TaCGxqsZ12AG1czDPjRtvAonbpJy6K9S6CLao6m9ZBOpMcybf0g==,699c257f740be46a87bc41b6,2026-02-23T11:35:55.452Z,False,True
699c3790740be46a87bdafe1,WMMEMjvpjqCCObIZlLpQ8MudKL4cj1xh4E+vNy4eGMJVnlBxOYrbdeZT5vGgfeOTC2plUPqWm+nwSNk=,699c257f740be46a87bc41b6,2026-02-23T11:18:40.982Z,False,False
699c377d740be46a87bdaea1,hS875yCWxAaY8gHB8n87+1O2Fyl4mh2LYMrY8/Hzi0hjXCs//K1pk5nWmKkjlxBCi0xSWM6MI04dvtH0NalPxEZZYKh7FRnRJg==,699c257f740be46a87bc41b6,2026-02-23T11:18:21.919Z,False,False
699c33b5740be46a87bd605d,n5dVkH2C1maAbjeRKNR22HS0HZ1b9Bc3mJcrR2fvgQCuldvX6F3dsgy3STf5UQWI89sZZO58pOwSk0bop0T1KZqeuP16KB8iQQ==,699c257f740be46a87bc41b6,2026-02-23T11:02:13.849Z,False,True
699c33ac740be46a87bd5fa8,avGcL9OQgXMPyWppXvNoELkyN4x1iaiEvO1YQsN0GCEtJKepqVel4/DMkwdoEIswQ6A=,699c257f740be46a87bc41b6,2026-02-23T11:02:04.701Z,False,True
699c32af740be46a87bd4c11,593wc/isxOpcGbkx1b7RJQNfGHZTpZnMupJvUvayjepqfCrneqDpyZjBZXjAYNvoL5uTrXnjA//oWjL3BbnbdKEA5+8U,699c257f740be46a87bc41b6,2026-02-23T10:57:51.11Z,False,False
699c32a6740be46a87bd4b71,mjj3ztD76CAgSlEhTkqon/MCtmNOOERM71S1G5KfQD9ikEtMjj46CY7WwYAUv8vg8xWNYxts5V6qx3uHcoXEEOs=,699c257f740be46a87bc41b6,2026-02-23T10:57:42.624Z,False,False
699c329d740be46a87bd4aca,P1y5/MWhj5T13zqjJkebQv+hGuz3iIznc1StNeAG43U=,699c257f740be46a87bc41b6,2026-02-23T10:57:33.325Z,False,False
699c31b0740be46a87bd3882,YeuWAUsVSdAalte2z0ZrcTSMRu9mv+SMgKMP8WfJLhzSuEW9eRx4hSeJJuOS+7gBCIqsbj4e+UeU6KaBVzeZVjICunRpvrFfSgB5zEk=,699c257f740be46a87bc41b6,2026-02-23T10:53:36.295Z,False,True
699c314b740be46a87bd30b7,iGIclq8gu0nneigBU0rJiP0rpC7o1JqFB0dtWyQqoddrvcP3Y8MP9g+ZRYQJJgQYMMSs,699c257f740be46a87bc41b6,2026-02-23T10:51:55.847Z,False,False
699c30a9740be46a87bd2536,8ZOigu6fQGUe79t+M/c1zkBw3SKmqr1iWEuf+0ZipjneWxUaLDcTWGxr969Qwz4JO/Nfaz92GXXq1cFf,699c257f740be46a87bc41b6,2026-02-23T10:49:13.997Z,False,False
699c3071740be46a87bd20bc,M6Lx/xN0a+5/LYfxrFlVMSbejcQs9Aq8OMKNGfvbVfU=,699c257f740be46a87bc41b6,2026-02-23T10:48:17.872Z,False,False
699c3057740be46a87bd1ee4,3RvxVlrhTiXwteeB+Cy7GrBx930w2zsXx/PBEx4BZiORNuO9vEw=,699c257f740be46a87bc41b6,2026-02-23T10:47:51.571Z,False,True
699c3053740be46a87bd1e9d,nzIDfNLD94tagmRrBKTvu3qVLLSQbwgUOlgGwYQmLEeu51jJl8RaXpNumcky5sjlCPYDPUn3Wxw=,699c257f740be46a87bc41b6,2026-02-23T10:47:47.777Z,False,True
699c3018740be46a87bd1a50,nveh7gELfsKjj58D+65sYTTiSIb3fhTwmQLC6UIkdwyO0KS4vKyGsZnm7Yvvd44iwj4P04HeaF3Qzb0UMK+3XXaByxoWTwsG/pWV3GESLbfAjJ/2zGbYVN83XA5sr819ZXMWzXEUshP5Mgz6pdqXzgoXvw==,699c257f740be46a87bc41b6,2026-02-23T10:46:48.456Z,False,False
699c2fff740be46a87bd1867,xJCGsX5y36Oe7ChIWtFp/Yy5r7F2Ct6tRVeoiyr1L5UZlV6LM5A=,699c257f740be46a87bc41b6,2026-02-23T10:46:23.466Z,False,False
699c2ffa740be46a87bd1807,VAtIcpwN9p1i3ZaZl6f4LXgwjdnC97LV0hLYYGvSqwSZwZoG6KBR,699c257f740be46a87bc41b6,2026-02-23T10:46:18.782Z,False,False
699c2fdb740be46a87bd1572,TYDo9Gus/1MW6WFR+WgXmeEJL2Q/cOhmgSpcgiPGP8uOLpjzNeX2qv52iO7tFdYflgIk+NM=,699c257f740be46a87bc41b6,2026-02-23T10:45:47.338Z,False,True
699c2fd1740be46a87bd14bf,tQR3Jg7v6ioteOKyRowA+0Oki8tHqyzaYYY10vIY/ckMeSUEAFOUrw==,699c257f740be46a87bc41b6,2026-02-23T10:45:37.152Z,False,True
699c2f4e740be46a87bd0a7a,cnaec4+vzHtQkEKVVikfhW1WNom6i7hk1M9fL/H7,699c257f740be46a87bc41b6,2026-02-23T10:43:26.082Z,False,False
699c2f4a740be46a87bd0a5a,eONY9fAbzhohL8BK5zutWU1+cHII9EbMux6UDE5dQb5aotDOsQXk,699c257f740be46a87bc41b6,2026-02-23T10:43:22.963Z,False,False
698d981facb707b6d5b670d3,VOIrxpksW6xR1A0UTthi7Yhi/kG1fHl9b63/EIxqdA2MmPkViS1qDMJpXdia8do3jEw7AuM=,698d6fe9acb707b6d5b45247,2026-02-12T09:06:39.272Z,False,False
698d9769acb707b6d5b6685c,i1DEqBgxKPNGaagxWFNuYu8XJ1GhuLRlN1Zzd2Qc0hJU,698d6fe9acb707b6d5b45247,2026-02-12T09:03:37.421Z,False,True
698d7043acb707b6d5b45750,zNbewdsB4j2PAKpKa3mfsgOM4bj43C+5lOAkr8tVjyF26qh1,698d6fe9acb707b6d5b45247,2026-02-12T06:16:35.473Z,False,False
697b5341ed234e80ba90d32d,VAQDZkG58MhlXtBhAbe/AUcbUGOo1gl9IkGiH+MQef7jaCey6Q==,6977daa3033316984102acb6,2026-01-29T12:32:01.96Z,False,False
697b5337ed234e80ba90d2a1,OZk67/uYHC3+rajUtwsRdrMWThR0pO2TJDuLzu9qFiJ+mfnfny/vz5imvwQ5teclCUEPGgAMpw3s4Z0FF5eVfFXiJrLSt7l2,6977daa3033316984102acb6,2026-01-29T12:31:51.388Z,False,True
697b532fed234e80ba90d22a,fD3rjGIembIO1y+FBdljN56kzJxhwzMFLT7hMS63PlI=,6977daa3033316984102acb6,2026-01-29T12:31:43.676Z,False,False
697b532bed234e80ba90d201,6YOIn6i2U0JIuYl+RGvzK11cdNScXfntexMErVdw,6977daa3033316984102acb6,2026-01-29T12:31:39.874Z,False,False
697b51aded234e80ba90c151,SEHWZnF4O9EkCvbKemXw85V9VcuqWUxysyK66FP+qoAo,6977daa3033316984102acb6,2026-01-29T12:25:17.932Z,False,True
697b51a2ed234e80ba90c0bc,st5gJJ5gWfOvXVSbvF00aGyXTNrw/eo2VzvlROXFAlICaq4MCfmLXdJu+WoJ1rO71e2J+5Y=,6977daa3033316984102acb6,2026-01-29T12:25:06.012Z,False,False
697b518fed234e80ba90bfd3,MaB7vNOPBWRQa9/2BV7z54XALXDbObThVR+Bm1zRCluh35S7qzNeRid7GRQtcPF/FPvuSSSe8A6kToPxxieGcwx2,6977daa3033316984102acb6,2026-01-29T12:24:47.565Z,False,True
697b5132ed234e80ba90bc6a,0POxJ//h+Z2fqyNLEYPPovBOFGu3IhJAyzEk4ilqOejet42E,6977daa3033316984102acb6,2026-01-29T12:23:14.72Z,False,False
697b512fed234e80ba90bc60,DW+PmjyAiQByvSfJPVDASIwsCVcJhhZUtUSxXRukMNuQ0JZzNdBkQ8Vakuenj1mYwRaZASbBw9zwmgNNvWJOSQ==,6977daa3033316984102acb6,2026-01-29T12:23:11.737Z,False,False
697b5124ed234e80ba90bbe0,9/DxQpBpWyNVVA9ml1/YLvlB/e+6A874pjlqWBYFPehzyXM=,6977daa3033316984102acb6,2026-01-29T12:23:00.976Z,False,False
697b50c6ed234e80ba90b7d3,y0fx3VZDY0hZzypidXRXiLQcc7RDn6W3cMQgfgmiKhE=,6977daa3033316984102acb6,2026-01-29T12:21:26.079Z,False,True
697b506bed234e80ba90b3d2,st7UUtKnMb7mUdaGAh2UNI88pOQ8Tm7KDLifG4meTopT2B/wBY99,6977daa3033316984102acb6,2026-01-29T12:19:55.841Z,False,False
697b5065ed234e80ba90b368,SjLx+WhJaYiRHUJb0NdylX7VYVtGqfJMdqstCWF66cpa0Qya9MkwoCqUIXV6gGw4pqcsnwh9,6977daa3033316984102acb6,2026-01-29T12:19:49.387Z,False,False
697b5046ed234e80ba90b231,jvJoTEFK/yvdKaQqJLfgzNX4wQJvePlP4fJS8/n2Whc=,6977daa3033316984102acb6,2026-01-29T12:19:18.181Z,False,False
697b5042ed234e80ba90b1fe,MeJ+46NyZrfWjOZtcoICUX5cUQYhx3t81St2nd0XAFUdIul6wOlTkVgU9GMyqaIJbXKm,6977daa3033316984102acb6,2026-01-29T12:19:14.411Z,False,False
697b5023ed234e80ba90b095,wdg+dAazRhOcCZmqLKGUFJ37QIbfPd8rtXQvv2Laq/tAwUtmxkzI,6977daa3033316984102acb6,2026-01-29T12:18:43.767Z,False,True
697b5021ed234e80ba90b077,Wp2TK4IbJpG6ygbamEDtTBbPNfnjq7fhZQoSmSZPgDxOudKnAIyz8YpnKAWjuJB0N63c,6977daa3033316984102acb6,2026-01-29T12:18:41.298Z,False,True
697b4fa5ed234e80ba90aad2,7YlfAnuWgu2S9myb3FLC7Cdn76tnrLUff8FRS49pw7Ce7Xk=,6977daa3033316984102acb6,2026-01-29T12:16:37.269Z,False,False
697b4fa2ed234e80ba90aac0,+xeSX00eK/YjhSVyGbQ13dld1tvm73B8ySY22KxFdnGuOO9eLzqRK6pW/4rsWrh5xPqKh045Gg==,6977daa3033316984102acb6,2026-01-29T12:16:34.469Z,False,False
697b4d65ed234e80ba9092ac,K2bsgXqyc9uiPeb2S5k9yed8pJhMYjBDtlVxI9eHR1j+4Q8=,6977daa3033316984102acb6,2026-01-29T12:07:01.226Z,False,False
697b4d5ced234e80ba909276,856JLZg55Shgce6BueZ3jESl0Lyggrl+GnXg/zKhxgo=,6977daa3033316984102acb6,2026-01-29T12:06:52.838Z,False,True
697b4ce3ed234e80ba908d71,KUGp9/s24KV4iapWK/YyFI4OaCBnuMpWbWSAojBUTHyJHQ==,6977daa3033316984102acb6,2026-01-29T12:04:51.013Z,False,False
697b4cb3ed234e80ba908b35,zj8SuoPjJqjqDSVgbUPOXKf8iyEbk95L8eH+4IabXrwX,6977daa3033316984102acb6,2026-01-29T12:04:03.423Z,False,True
697b4b64ed234e80ba907da7,+huLN5fWCf1yTK+8tXPg8eGT1dXvVDVKHdmyWuwR,6977daa3033316984102acb6,2026-01-29T11:58:28.729Z,False,False
6977d5c00333169841029d96,Het/Yhn28yPCRlfjrzN7RqB85rx31ghiCutEfFVgNBAa8DnhRDeZ,6977d54c0333169841029c00,2026-01-26T20:59:44.308Z,False,False
6977d5ab0333169841029d53,BbSSBRA1HvRF9xpvvZQ9ZWD3Ei45y7WzbWDACG01FDXVNiwBhHmCkQAZjsQ=,6977d54c0333169841029c00,2026-01-26T20:59:23.998Z,False,False
6977d5a80333169841029d3d,NoUVDkd7fJ7khVPYeffbjak1ABkOu1QB3Qwpevw3AMJu/7AfgboYMVMx2okugQ==,6977d54c0333169841029c00,2026-01-26T20:59:20.358Z,False,False
6977d5a10333169841029d2b,xIVsb3hdNPuu5cxfswgSx6Rdqc5H9TQeXNG5IpNtQRzsyvtkwDByUUo=,6977d54c0333169841029c00,2026-01-26T20:59:13.588Z,False,False
6977d5990333169841029cf8,,6977d54c0333169841029c00,2026-01-26T20:59:05.169Z,False,False
6977d58c0333169841029cc8,mm6VbKk24ZwLbE5cxI++oocw95oxYyJj2yeDMxOVy8yjtSXTj9+m0D1sV1thWmGlsgUBKlDhi+GMYanLNbO59HfeFe64+c8szKal,6977d54c0333169841029c00,2026-01-26T20:58:52.517Z,False,True
6977d57e0333169841029ca7,GMm+VCRJ5a5vrwC08c+ti4s+VzqvhJO1rR38cp9C,6977d54c0333169841029c00,2026-01-26T20:58:38.499Z,False,False
6977d57a0333169841029c9b,GYFBmm8cxMQ98lfvcPX1x6iCz+KIDMiMSo+QNxv6Ibg=,6977d54c0333169841029c00,2026-01-26T20:58:34.228Z,False,False
6977d5740333169841029c8b,5AGAqJ91vEOi8a+y/gQWtTMFK9bNj/uqgw3UtDIJavBc6mp3RzAsK1WIXDDmG/KOgFJumDiYksGk/FoNGEnzpI4t8Y+HELYddAZkZA==,6977d54c0333169841029c00,2026-01-26T20:58:28.816Z,False,True
6977d5690333169841029c6a,4jKFnkyb53AcqldVBzCyZNK4CvvGwGDR/ZjffO1FEtmA0aRXL9n5NOpKiNE1Ces=,6977d54c0333169841029c00,2026-01-26T20:58:17.078Z,False,False
6977d5650333169841029c4f,0YX7E1Xuhm1mvuHROkAvpEuC4c6SjCDic+CSuMsgKS5LNCF2xkVF,6977d54c0333169841029c00,2026-01-26T20:58:13.168Z,False,True
6977d5570333169841029c26,DA+clDjwpF7TQ+5Qt9jRjevr0oAvdj8kCyXpH0q/HbHdT6uxYEc=,6977d54c0333169841029c00,2026-01-26T20:57:59.518Z,False,False
6946aedb35d01409eadc8805,SisA8zJ74xRLq5UomMZKpmvEMuXFVwNDzZqi9kxRiDzBkw==,6940753a2a3103b44e6bea13,2025-12-20T14:12:43.447Z,False,False
6946aeceba8006d9f96cc827,Pc38T/AOIx+ynKW7l2ChNt5NnVuUsZxN51LHq0GMvnVNpJABs+kk,6940753a2a3103b44e6bea13,2025-12-20T14:12:30.677Z,False,False
6946aeb9ba8006d9f96cc7a8,A8SSYRtqXssn1jLeK/hiuMjYj1yGIvbb9yfWxqgHjETDMg==,6940753a2a3103b44e6bea13,2025-12-20T14:12:09.661Z,False,False
6946aeb1ba8006d9f96cc779,Pv2tNqMWtvp6FpVNxHPWQ5ZRSxpuYnXVCoRUUxR4,6940753a2a3103b44e6bea13,2025-12-20T14:12:01.528Z,False,False
69463819cc6ca244e5ffbfa4,Clh20ddFXdU6uXO3GM7lowzStheddgrNVJ66cl/dzhr2P4W68bgceFcQUXBYZwhZt5UlvNUk/xBVKRYuTVDK2x1lHHqwGjjEc/Lbc0E8ZQ==,6940753a2a3103b44e6bea13,2025-12-20T05:46:01.086Z,False,True
6943a96ab4a4c2d5a98faab6,uw4NFP1V15g4Jh1kjyiyv+hMoYcqwlxygqTXVc3CJDXRi6s7QJXO93Z3jcibVmMf1sE6uXKEOQVPdvn4Bw1V2B8aOa8TjyVNkWfl6nBNf5EiwMxAzzQ=,6940753a2a3103b44e6bea13,2025-12-18T07:12:42.859Z,False,False
6943a38cb4a4c2d5a98f852d,4UuUYRIz6Gvykq5hCnr2NVWUdr6RmVt6DHGFWF3zgPo13/l/g8CENZlDoLePkUGG8EAt07op/RIC4S0luO1CCTxknkLFur1lpG7N2/lpkw==,6940753a2a3103b44e6bea13,2025-12-18T06:47:40.525Z,False,True
6943a37cb4a4c2d5a98f84d7,vw0HRWyNCSDNTDr+JhXSbIiXd1JTHK/A3kcXfhyBtPb8DdCk+tNxIIXVY1xgzg==,6940753a2a3103b44e6bea13,2025-12-18T06:47:24.858Z,False,True
6943a1d2b4a4c2d5a98f799e,o3GhNpksAFioelk+npLqizyxsEwzIfICQQtQ3Z3zK2H9nPLEuczJfm8ZljlEJ7L5EWPwFB5ycaudOyfVSLLEt5Aph2jLkisgZXLdqKu4rXFCncDlE77LXoEwOJ4Bdx8Ibb2Z,6940753a2a3103b44e6bea13,2025-12-18T06:40:18.086Z,False,False
694399d3b4a4c2d5a98f4aa1,mFv90FMvbTMct3n1gYI3P+h3AUQLapcM+xkXYoohb10=,6940753a2a3103b44e6bea13,2025-12-18T06:06:11.844Z,False,True
694399d1b4a4c2d5a98f4a94,nqJsQe2Eod9u7KlV9f7Z1L7MiG+A8ZZ7Kg6bIJ8y/IU/WUGS/zQXR+WQ6jD3jH7RDITBtprMJXMzj06a5qnviUUlRVIjtdr1PgVFY/1IX3QmY5rfSHfHXMOB/OsNMpDnQJrNdZDslQ==,6940753a2a3103b44e6bea13,2025-12-18T06:06:09.581Z,False,True
694260f2b4a4c2d5a989c264,xYs6fu+fyzEz0rWFqWADq8XN8G8WHkrYxNZDvBZPF5lM2yQbc3nelg==,6940753a2a3103b44e6bea13,2025-12-17T07:51:14.305Z,False,False
694260d6b4a4c2d5a989c18e,X/jcR7U8AGJFmXGOFL/AOCT7OfdUNzJZNmPspGWEynSM4QGa5j5tyyzWISU0hpr7aQ==,6940753a2a3103b44e6bea13,2025-12-17T07:50:46.296Z,False,False
6942559e0fecad2b79191549,qmbdyy3P6wy9vVQEEXU7F6ORv8ljdBmYn0mNbpU8Yr/2sbHa8vb/spjpmvUDzJ4DAQ1up2m76SusAcSLGY1x5cP452an0HEhbcB0jNp+64zfo/dJ3dqD,6940753a2a3103b44e6bea13,2025-12-17T07:02:54.035Z,False,True
6940e6c82a3103b44e6d0381,8gbKbkKk7Il3q44sr+6EJTRClE0un5Kg73A/qQZwnZ+LvFSFtwJ+3YW6yVtK7N78udpp9uyJPHGhCg==,6940753a2a3103b44e6bea13,2025-12-16T04:57:44.401Z,False,False
6940e6662a3103b44e6d0145,qPaBTAvI3YwlcvLo92T7vfN7/IOkFPt6PuDMeMK4,6940753a2a3103b44e6bea13,2025-12-16T04:56:06.394Z,False,False
6940e6442a3103b44e6d0088,aNv+GkI6i8524C9iRzqq82EvuDo5BXCr9+kXEtbsXSRZgUTkqbLq6mBX3MM=,6940753a2a3103b44e6bea13,2025-12-16T04:55:32.375Z,False,True
6940e6352a3103b44e6d0059,9FTU5cA9eAZfPBEfjvB38QG6B80wXFFTRI6mDEtejBwMp92QfXQtfX/M/jLzXVYCQZf0I7Uv+Qfmlt3rPjMc9Jma,6940753a2a3103b44e6bea13,2025-12-16T04:55:17.611Z,False,True
6940e6202a3103b44e6cffe3,sq0E9Y3DbMG8xJXWNKjyiX8oRGi4VXfh1krn89+y91y0kAOQA4j+5w==,6940753a2a3103b44e6bea13,2025-12-16T04:54:56.498Z,False,False
6940e5f22a3103b44e6cfe60,frGx+/4D/JFLbT6rNgTaeJiJDGaQqrKI6MMNOf3hAOmm6BXAF2rh63O3kCbAwHm3rXkdVvkyEnPjX7yd,6940753a2a3103b44e6bea13,2025-12-16T04:54:10.722Z,False,False
6940e5af2a3103b44e6cfd1a,0cx1vh1kfx16qQu3pvkAlwMDf+ipPcsIdpERjRCAGydRLLiPab48PbK/YjJ5Bhta02SwrfCwjWnXo3YUuFPImv25q2tDmtVaNVUb+xTOcd9ExgU7RMb1OEtVotjtZhFcm+Ofhg==,6940753a2a3103b44e6bea13,2025-12-16T04:53:03.246Z,False,False
6940e56e2a3103b44e6cfb98,i0A1vPM/H6hW+EdO7JsXOtyQCWJ7mAA4klWSUmHr8evC6ZgC3Zy1OOsEYFRKnvkxP0MSiJh9wRi6MDu9DA==,6940753a2a3103b44e6bea13,2025-12-16T04:51:58.995Z,False,False
6940e5402a3103b44e6cfa9b,naog04zVV1V+0FBXD6dYiTwWEEF7oXPnKIaDGOPxVvt+,6940753a2a3103b44e6bea13,2025-12-16T04:51:12.638Z,False,False
69408f172a3103b44e6c1708,u3cGy5X4+JhG+mIIKtV/lk89GJMIi/x4TXfB0d1yFziVVmM5OzocRXPoFD+ttyb+KAtqNDo+DFt8FsPXVYr3QI8rTzLAdp/u9epvoAmwx2PZeKXbDfJe623/UBjxkEc80lPS9sI=,6940753a2a3103b44e6bea13,2025-12-15T22:43:35.797Z,False,True
69408ee22a3103b44e6c16df,eSXjjnoCkYKxL/JrWX+hUSBoPvleHqvjD1LcfDNEZPWeVtKgyppKFvmsgytzlb9Zf0o1fw==,6940753a2a3103b44e6bea13,2025-12-15T22:42:42.721Z,False,True
69408ed22a3103b44e6c16c7,XGV8w9Xc2I1cHDAg5aqKIAziISOFp8Vle1H1sV39RtSCv3mzOsfDrKKqK8QOvan7AYS+Y/zM8z2O0bfZOrmJ2FzAgkK+wA==,6940753a2a3103b44e6bea13,2025-12-15T22:42:26.711Z,False,True
694084f72a3103b44e6c073d,GMQSVJuiSnPyZb/U07JXKL1lLJCtZDGyTmepCC2rOPFdmvb141tdQYcnQFzsdo16LAmCb0evt7wZSx8gWQR6lRAew5+mJx9yxN1Q/3Uxaia5R1mh/26IC/TMr8FR5gGYA8IZa1qdXkqJIMYjXzncexYu,6940753a2a3103b44e6bea13,2025-12-15T22:00:23.017Z,False,False
6940845d2a3103b44e6c0652,x6G4pCA3lewPTcxZ9fUg8SQMzGjNVClwtJAFNwURDGYap8fZxYA7xqSlLFM2oCXQqVhsUdiTAzLYYZ4c1QZgs+IVrPhVV2BBm0edqjupKuU/LZdOb1k=,6940753a2a3103b44e6bea13,2025-12-15T21:57:49.107Z,False,False
6940838d2a3103b44e6c0520,u+o7/vbO9ZxgUE7c1PJ+iGXjNaEmud21P0l32i9YvLhhliR+DZ6K,6940753a2a3103b44e6bea13,2025-12-15T21:54:21.247Z,False,False
694083822a3103b44e6c050f,Ws/g0OhZ4CaxPiiY0qFiTAoMk3P2w1W0JEhUlYXnNVIeSVUWiYIhrKwdCrQ3O/yRCryl2YnExPAafRjclPDhXGdQL3blj1djEQuhqVfgPqveIek1tMD4MLuHdUrDhkgBEFLrQ9tm+wao,6940753a2a3103b44e6bea13,2025-12-15T21:54:10.085Z,False,False
694082492a3103b44e6c0333,39UklD/70GY3txGNHeVZ5dyB7uBjyZFvWaD/tBPOnuUQgJJxSe1egLjekoiul7KgIcdjJjcMuQ1IovL5MTBcjpy2LCLazozEC9dRjS6UsXyqiAF51pfbjNv5Sjtv/sD7cMHNx7OOK1Vr6dsI98WugA==,6940753a2a3103b44e6bea13,2025-12-15T21:48:57.07Z,False,True
6940821a2a3103b44e6c02de,q442GmCUx0FYaOgXvml2LzOgwF1oME57l8TXdIUwhF4UFYRe8uepP+7JcRn5AZSRMdWh6p7ajFRbzBt+PeJe4N5+S6Aah72X1IXKJxEV86MgS7Jtl7N9gEl9eMeod3p94Rra+rJ7Fdlw+I3Ade1rbeL6+QfVx4cv0ZJM17nMPCK+qmsySRa/BC38iDFPmFe/twzq2HV+MhSSUNvDoRfJie20wGkBN+X2XI1FWKruUFJeaw==,6940753a2a3103b44e6bea13,2025-12-15T21:48:10.646Z,False,True
694081c12a3103b44e6c0230,wtqjjtgYBk2jWezyPJTbAaRxNdP0gIK+emGMfkmNlzPP2TACawy3ktQIdhaUTnhtEm08Vz+gNl7Zm9tO54D6ZrNZiVZZGeWgOXXE/6z6WppIorntUSbF8x4iHIUIXnEX,6940753a2a3103b44e6bea13,2025-12-15T21:46:41.812Z,False,True
69407a212a3103b44e6bf525,adT8G+1CgsETQCxFY7LPaB4DhtHyYOH71LPrBqXhW9AVRsrQ7g==,6940753a2a3103b44e6bea13,2025-12-15T21:14:09.073Z,False,False
69407a1c2a3103b44e6bf523,G5Rx3xhOM55IOm9+akPHfjSBaHMPC4I2dSH6fzn4+uShY/p3EhvFyprpH19M1p76r8hUhgY=,6940753a2a3103b44e6bea13,2025-12-15T21:14:04.933Z,False,False
69407a062a3103b44e6bf4f8,yD7mzVixmX/SkC0X8guUM6L8v0e2ubJznZ98WgM=,6940753a2a3103b44e6bea13,2025-12-15T21:13:42.264Z,False,False
69407a002a3103b44e6bf4ec,tKdiqjGS2OfQdwPma76cuyw3P8mvzaPAzeXIa/GxkclIhAuAAtKRKOznpY5fgJHGU//f7ROLK34oaPGK5n/EjxZIhDC3ayoHTQ==,6940753a2a3103b44e6bea13,2025-12-15T21:13:36.813Z,False,False
694079fd2a3103b44e6bf4ce,tLFnGRZBErA2pA0dX1c3EG77eUDgPtxKA24ZrpCEtQ8y881uWok6qMF+,6940753a2a3103b44e6bea13,2025-12-15T21:13:33.403Z,False,True
694079b22a3103b44e6bf43e,6Dy8w8fxikUZjNdoJJT8klt65NKaS0gfu270/D28oilxot+75+0fRVTsIWligqfD8nufjDCCN2O2dsZqO1yGNRxpPD2iM4Mg,6940753a2a3103b44e6bea13,2025-12-15T21:12:18.263Z,False,False
694079702a3103b44e6bf3a6,BR0msrLi71h212W1y7e23V/RdZ1yNrs34rOVcvfRrXI=,6940753a2a3103b44e6bea13,2025-12-15T21:11:12.144Z,False,False
6940796c2a3103b44e6bf3a3,zjAcFEmhk7o103IBf7v2KJyYzc9w9WeZrAPN4mdibN2MvLy0uA9fmQ==,6940753a2a3103b44e6bea13,2025-12-15T21:11:08.434Z,False,False
694077cd2a3103b44e6befc2,s+SX2Z3E0gtFd6t6MAF8mMw8tThbIt818gWZyV7GFaMUyBGmoTFwL31L1UBufakaQSE3RECjJBaaI7rxHmv8uqTdTH5n3w==,6940753a2a3103b44e6bea13,2025-12-15T21:04:13.012Z,False,True
694077962a3103b44e6bef49,YDsjMvLCRXRi4OG2ulOurSXN4Cpv68mm5DxknbXTwBKX+MslwbMX5oDsAVr0us4lRmFZUe79zCIoSsnLMOune48=,6940753a2a3103b44e6bea13,2025-12-15T21:03:18.647Z,False,False
694077722a3103b44e6bef0f,6aMSKoHoFGGLMokY8zRsW+hmc8ETzvtydZMv0ngdhsc8r5UhTM5tVWN4GnuzQw79y92LYAFgt41vfiAg,6940753a2a3103b44e6bea13,2025-12-15T21:02:42.394Z,False,False
694076e52a3103b44e6bedd0,vlqN2M4xGjpzLjKs/w2czFEcL+c8YHmrM1/b/fyHv+cAsZbNJ38eprg38Khu7Y/7xu4eqe0dQE+DxKf4oZaAHd2+g8wJmA5qEmg00M0=,6940753a2a3103b44e6bea13,2025-12-15T21:00:21.066Z,False,True
694076c72a3103b44e6beda1,rvBJwKS/9+whAAKqtwK7/M77Dzom8pNEzPPUffHwvzhm22RYzNeWYhjLduq+etYucjcU17MCXkxg8WuLqMCTUGAOfKQ5GhqSJ/6oW6GxLCyumGyGukETK4mhbc7cwMAWlP2KESQBsOxwc74hUeq+s00IWqFCQdydWE7A5PEqZe3GriPTR0oupBmRkMfWIAgvzaaUfezaLZhoANKimI2hxDddrAWggEiDBmhr34iPg2m6DdtyBcrqAsXd/A53rQSIY+3WjHnGYTcB5dReyl2SPbJk/o2IpIRkI9dPSoOkPfxYDA==,6940753a2a3103b44e6bea13,2025-12-15T20:59:51.519Z,False,True
6940767c2a3103b44e6bed0e,BvLv2EqM0a/E8kQtIMK8dvx0aXhPosnxGxP2jcQG3kWY0BLlzW9tM6NrgMMXrUi/,6940753a2a3103b44e6bea13,2025-12-15T20:58:36.103Z,False,False
6940766e2a3103b44e6bece8,XWfcDQF7nsJRuwOoy9jphW1cdE+Y1vMNJA8chhp4f26VtFBabAc=,6940753a2a3103b44e6bea13,2025-12-15T20:58:22.769Z,False,False
6940765f2a3103b44e6becd1,7gICnE5HB01delG8x3tr83044f6RZIuFIUennfQTObkbUzt5g4wBaxSJX6bh5p+bFzawHMHtvatmBvy2w1n2vufAcw5GYDwc,6940753a2a3103b44e6bea13,2025-12-15T20:58:07.113Z,False,True
6940764a2a3103b44e6bec99,KOsLg+hQy7m4FIyS7W2CIOrZumhTD0Y0ZHbgRbPKZ6bz,6940753a2a3103b44e6bea13,2025-12-15T20:57:46.381Z,False,True
694075852a3103b44e6beacd,QlHJQZI5ImvNIBMFxP86rdCfpA2wkkIWzWtSGP9mjG+r8f3xpKGlBmMvAqFGWOznqSkUt4X6vKC5kARZSHAe593zeKmil/Rd,6940753a2a3103b44e6bea13,2025-12-15T20:54:29.42Z,False,False
